symbol,net_pnl,costs,trades,times_held,first_seen,last_seen
BHEL,321328.39204999997,4541.04765,52,18,2019-05-02,2026-07-01
COCHINSHIP,268874.641675,2693.979975,22,8,2022-12-01,2025-08-29
BSE,246807.91857692308,4314.384,40,16,2021-08-02,2026-07-01
MCX,195004.78599999996,3417.1365,30,14,2019-10-01,2026-07-01
HUDCO,145416.39915500002,770.195295,10,2,2024-01-01,2024-10-01
SUZLON,144437.56332000004,3521.21151,25,11,2022-11-01,2026-05-13
NBCC,143700.278495,1967.3142149999999,12,5,2023-11-01,2024-09-10
IDFCFIRSTB,141982.14105000003,2583.4458,32,13,2019-04-01,2026-02-01
PAYTM,139330.39932499992,2736.5949,29,12,2022-07-01,2026-01-27
SJVN,108601.31630000003,1072.038525,9,4,2023-10-03,2024-05-02
SRF,106950.74250000002,2113.9818,42,14,2019-01-01,2025-06-02
IRCTC,100491.22994999998,2656.796025,29,12,2020-02-01,2024-02-13
IRCON,87407.35924999998,2090.1032999999998,16,5,2023-06-01,2024-09-02
JUBLFOOD,82747.072875,2317.50105,35,14,2019-02-01,2022-12-01
HAPPSTMNDS,81825.33315,507.92235000000005,7,2,2021-05-03,2021-11-01
GODFRYPHLP,75554.2325,1103.2905,6,2,2025-03-03,2025-09-03
POLICYBZR,73739.048875,1697.636475,14,6,2023-02-01,2025-02-12
LAURUSLABS,70109.95765,845.106525,11,4,2020-09-01,2021-10-01
UPL,64631.348350000015,2308.450875,39,17,2018-11-01,2023-06-01
HAVELLS,62075.63175000003,2102.874825,36,17,2018-11-01,2022-10-03
NATIONALUM,61155.50400499994,4054.087035,34,15,2021-06-01,2026-07-01
RBLBANK,58872.66197499999,3925.75425,41,16,2018-11-01,2026-02-01
PERSISTENT,57383.25447499999,2899.475325,22,10,2022-03-02,2026-02-12
JAYNECOIND,54643.36919999999,608.3784,3,1,2025-09-01,2025-11-03
INDUSTOWER,54046.74057500001,3612.0768000000003,34,12,2019-02-01,2026-05-04
APOLLO,49252.98562,2558.837955,10,5,2025-07-01,2026-07-01
TATACHEM,45107.15137500001,1953.9192,19,9,2021-01-01,2022-11-21
OIL,44138.50912500003,1958.554275,10,5,2024-03-01,2026-05-04
BATAINDIA,44071.28702499999,1368.342375,22,9,2018-11-01,2020-07-01
KPITTECH,42722.939450000034,1183.800075,12,7,2022-11-01,2023-09-01
NAUKRI,41157.53099999998,2593.209,31,17,2019-12-02,2025-03-03
ESCORTS,40824.890049999995,2519.4456,31,13,2019-01-01,2023-01-02
OLECTRA,39232.185274999996,1597.5379500000001,12,4,2023-05-02,2024-04-16
JPPOWER,38739.150649999945,1667.4948,7,4,2024-01-01,2025-11-03
ASHOKLEY,38216.843380000006,4645.81797,41,16,2018-11-01,2026-05-04
SAIL,37737.87291500001,5068.980285,44,17,2019-05-02,2026-07-01
TATAELXSI,37708.773024999995,2411.4384,20,9,2020-01-01,2024-11-14
NMDC,37615.99046499997,2271.20805,15,8,2021-06-01,2024-07-22
MANAPPURAM,37088.364580000016,2203.50267,17,7,2019-08-01,2025-06-02
VMM,35566.878310000015,1131.64365,7,3,2025-04-01,2025-11-03
ICICIPRULI,35136.34852499998,2077.9992,24,11,2019-05-02,2023-05-02
SONACOMS,29863.091324999994,895.217175,9,5,2021-10-01,2023-08-01
CREDITACC,27620.090000000007,523.1661,3,2,2025-03-03,2025-05-02
AUROPHARMA,25868.627774999997,2535.8091,28,12,2018-11-01,2023-11-01
IDEA,25289.76077500001,5104.0647,37,18,2019-12-02,2026-07-01
LTTS,24605.284700000004,1140.0393,12,4,2021-09-01,2023-06-01
EXIDEIND,23258.045449999987,657.50235,3,1,2024-05-02,2024-08-01
AUBANK,23047.43642500005,3695.856075,25,12,2022-02-01,2026-06-01
NCC,22595.1973,339.0327,6,2,2019-02-01,2019-07-01
APOLLOTYRE,21621.354900000013,1401.58185,12,5,2018-12-03,2023-03-01
GVT&D,21590.12070000001,857.4948,4,3,2026-02-01,2026-07-01
TEJASNET,19885.10435000001,394.290075,3,1,2026-05-04,2026-07-01
IREDA,19516.11486500001,3092.732835,13,6,2024-03-01,2025-02-04
ITCHOTELS,18480.827699999987,521.85087,2,1,2025-05-02,2025-06-02
ATGL,18352.74092500001,1686.780825,14,7,2021-05-03,2026-07-01
GLENMARK,16427.384449999994,1691.7018,14,6,2020-05-04,2025-11-03
GROWW,16214.76120018587,405.15765000000005,5,2,2026-03-02,2026-07-01
BHARATFORG,15421.631999999989,3027.413925,22,10,2018-11-01,2026-06-01
OFSS,14312.578000000001,1162.4865,6,2,2024-04-01,2025-01-01
UBL,14277.686999999993,360.32295,7,3,2018-11-01,2019-05-02
BELRISE,14009.151625,544.758375,3,1,2025-09-01,2025-11-03
POWERINDIA,12745.255000000001,932.19,6,3,2025-08-01,2026-05-04
HEROMOTOCO,12531.531499999957,5139.3681750000005,45,22,2018-12-03,2026-05-04
LICHSGFIN,12361.986499999985,1153.60425,18,6,2019-01-01,2021-05-03
FSL,12126.92629999998,592.7984250000001,2,1,2024-11-01,2024-12-02
GRANULES,11843.343674999993,306.404325,5,2,2020-09-01,2021-01-01
LALPATHLAB,11321.7665,407.166,2,1,2021-07-01,2021-08-02
ACC,11037.61779999998,2507.1138,30,14,2018-11-01,2023-01-18
POLYCAB,10546.155450000002,3972.061875,20,9,2021-12-01,2026-07-01
HINDPETRO,10035.095750000004,4491.3735,36,17,2018-12-03,2025-08-01
GODREJPROP,9834.53377499999,1571.1903,12,6,2020-12-01,2023-08-01
DABUR,9313.318949999999,1072.4766750000001,18,8,2018-11-01,2020-07-01
ITI,9103.733624999983,2111.8818,10,5,2023-11-01,2025-04-01
CONCOR,8836.813600000001,1446.22215,13,6,2019-11-01,2022-12-26
MARICO,8588.633374999998,540.435,6,3,2019-07-01,2020-08-03
PIIND,8451.800250000004,336.45975,3,1,2023-05-02,2023-08-01
SBICARD,8110.286325000023,991.3087499999999,12,5,2020-08-03,2022-11-01
STAR,7332.344000000009,597.556725,4,2,2018-11-01,2019-02-06
BLS,7079.449649999975,1014.8118750000001,4,2,2025-02-01,2025-04-01
KFINTECH,6727.552750000005,554.17965,3,1,2025-06-02,2025-08-01
CENTRALBK,6369.318474999993,1181.615025,7,4,2023-02-01,2024-01-01
BERGEPAINT,6221.456525000005,528.7509,6,2,2019-11-01,2020-03-02
AARTIDRUGS,4725.157500000003,277.9833,2,1,2020-11-02,2020-12-01
AMBER,4462.962450000001,2031.750675,12,4,2024-11-01,2025-11-03
AEGISLOG,3806.38100000001,478.56494999999995,3,1,2025-03-03,2025-05-02
COFORGE,3648.8967499999817,5593.53075,47,22,2018-11-01,2025-09-26
TATAINVEST,1662.464,492.207,2,1,2023-12-01,2024-01-01
BSOFT,1227.6130999999805,1247.39475,6,3,2022-01-03,2023-09-01
GRSE,324.7803000000167,2822.43345,14,7,2024-07-01,2026-02-02
ICICIGI,266.29860000001463,553.18785,9,3,2019-06-03,2020-02-01
SUNTV,93.43855000001622,1037.0043,11,6,2019-03-01,2020-08-03
WOCKPHARMA,0.0,296.1825,1,1,2026-07-01,2026-07-01
HSCL,0.0,294.21645,1,1,2026-07-01,2026-07-01
SWANCORP,-1262.5942249999935,1680.922125,9,4,2024-01-01,2025-02-12
RAILTEL,-2110.843100000002,2964.03015,12,5,2023-10-03,2024-09-10
MRF,-2654.0536750000038,516.603675,4,2,2020-12-01,2022-12-26
OBEROIRLTY,-3624.4451499999814,995.38395,6,3,2021-12-01,2025-01-23
TRANSRAILL,-4186.263999999992,534.4110000000001,3,2,2025-09-01,2025-11-03
PETRONET,-4217.690750000007,261.9162,2,1,2019-11-01,2019-12-02
IPCALAB,-4225.956,226.086,2,1,2020-05-04,2020-06-01
MPHASIS,-4976.5748999999705,1068.41835,11,4,2021-09-01,2024-10-01
BEML,-5162.691149999995,1552.16715,19,11,2018-12-03,2025-08-04
NAM-INDIA,-5715.193875000006,503.888775,4,2,2019-12-02,2020-02-01
GLAND,-6188.987999999993,410.95799999999997,2,1,2023-09-01,2023-10-03
REDINGTON,-6549.023249999993,500.3019,2,1,2025-12-01,2026-01-01
BIOCON,-6634.143774999995,1567.86945,19,7,2018-11-01,2020-10-27
PRAJIND,-6702.715750000009,287.07764999999995,3,2,2019-03-01,2019-05-02
POONAWALLA,-7585.158400000019,1486.5873000000001,9,5,2022-02-01,2022-12-01
TIINDIA,-7617.856825000004,363.975825,3,1,2022-12-01,2023-02-01
VOLTAS,-7947.34602500003,5030.44635,45,20,2019-05-02,2025-04-28
HINDCOPPER,-8195.772099999987,3663.797175,17,9,2024-01-01,2026-05-04
MAHABANK,-8715.390499999998,2478.8034000000002,13,6,2023-01-02,2024-06-03
COLPAL,-8776.639000000001,721.9110000000001,8,4,2019-10-01,2020-07-01
SCI,-8923.56465,556.1073000000001,2,1,2026-05-04,2026-06-01
FACT,-9396.2205,320.30550000000005,2,1,2023-03-01,2023-03-16
RENUKA,-10219.824574999988,701.164125,4,2,2022-07-01,2022-12-26
TANLA,-10616.57010000001,372.39750000000004,2,1,2023-08-01,2023-08-16
AWL,-10799.6,335.15999999999997,2,1,2023-06-01,2023-06-26
IDBI,-10933.441199999994,340.6392,2,1,2023-02-01,2023-02-15
JUSTDIAL,-10951.734150000002,2173.4769,28,13,2018-11-01,2021-10-01
PAGEIND,-11500.2225,247.5225,2,1,2018-11-01,2018-11-16
FORCEMOT,-11917.940000000002,593.325,4,2,2025-08-01,2025-10-10
MGL,-12139.896150000006,677.0076750000001,6,3,2020-02-01,2020-05-04
SWIGGY,-12140.20327500002,535.528575,5,2,2025-08-01,2025-12-01
CUPID,-12150.12959999998,529.3008,3,1,2026-02-01,2026-03-05
EIEL,-12378.716079999997,459.02964,2,1,2025-03-03,2025-03-18
ZENSARTECH,-12450.087,465.51374999999996,2,1,2025-04-01,2025-04-11
IRB,-12554.311999999987,336.61695,3,1,2023-02-01,2023-03-21
GRAPHITE,-12783.770000000006,352.4655,3,2,2021-05-03,2021-06-18
TARIL,-12803.638000000012,476.33835000000005,2,1,2026-03-02,2026-03-17
IGL,-13073.958074999999,1667.0905500000001,16,8,2020-01-01,2025-03-03
SAGILITY,-13466.749694999997,519.664635,4,2,2025-12-01,2026-02-17
PATANJALI,-13759.655149999999,1057.1718,7,4,2022-05-02,2022-09-01
TATACOMM,-14174.266250000019,400.10955,4,2,2023-08-01,2023-10-25
FORTIS,-14257.7085,510.4365,2,1,2025-11-03,2025-11-17
RITES,-14289.75634999997,1148.5014,4,2,2024-03-01,2024-05-02
JWL,-14768.548725000006,513.181725,2,1,2026-02-01,2026-02-09
PCJEWELLER,-15967.209399999998,1135.57527,8,4,2019-01-01,2019-06-07
BALKRISIND,-16222.180625000023,1033.237275,9,5,2018-11-01,2020-12-22
DIXON,-16845.095350000032,5170.59645,30,11,2021-11-01,2025-10-29
WAAREEENER,-16985.526449999976,1580.36415,14,7,2025-04-01,2026-06-30
ROUTE,-17096.909000000007,792.4878000000001,4,2,2021-08-02,2021-10-01
IFCI,-17274.83399999999,888.7065749999999,3,2,2024-09-02,2026-07-01
MOTILALOFS,-17348.519999999982,559.8621,3,2,2024-12-02,2025-01-14
PREMIERENE,-17531.088,552.078,3,1,2024-12-02,2025-01-13
JSWENERGY,-17782.94044999998,1721.4832500000002,8,4,2023-09-01,2024-07-26
FEDERALBNK,-17811.038344999957,4043.73822,47,21,2018-11-01,2026-05-04
CDSL,-19602.851849999992,2691.9096,18,7,2022-02-01,2025-09-01
PNBHOUSING,-20386.450000000008,544.6938,2,1,2024-11-01,2024-11-19
LICI,-20766.248524999988,1462.9717500000002,8,3,2023-01-02,2024-05-02
CEATLTD,-21060.3718,658.06395,4,2,2019-01-01,2023-08-16
ABREL,-22525.349,212.352,2,1,2020-03-02,2020-03-13
MRPL,-22753.656800000008,779.04498,4,2,2022-07-01,2026-05-04
GNFC,-23063.880849999987,732.03405,5,2,2022-04-01,2022-06-14
HCC,-23683.04154,387.50346,2,1,2023-09-01,2023-09-13
NHPC,-24589.304700000033,1762.5981000000002,8,4,2024-02-01,2024-07-01
PARAS,-24610.029499999993,846.1905,3,2,2025-07-01,2026-07-01
BALRAMCHIN,-24816.73375000001,991.77615,8,4,2018-11-01,2022-05-11
LUPIN,-25493.290450000008,2436.02115,21,10,2018-11-01,2025-02-24
IEX,-25628.71569,1020.9570150000001,9,3,2021-10-01,2024-10-22
PCBL,-25696.730225000018,544.6257,2,1,2024-10-01,2024-10-08
INDUSINDBK,-28127.97102499999,4465.8138,45,21,2019-02-01,2026-03-24
HEG,-28519.743399999992,925.304025,7,4,2018-11-01,2021-06-01
LXCHEM,-29349.823650000006,805.30065,4,2,2021-10-01,2021-11-09
JMFINANCIL,-31005.489124999993,1100.4954,4,2,2024-11-01,2024-12-26
TATATECH,-31132.64910000001,1109.9991,4,2,2024-10-01,2024-11-22
MFSL,-31424.414725000006,966.6759000000001,8,4,2020-02-01,2023-05-02
ANGELONE,-31493.948699999964,2695.85019,18,9,2022-05-02,2026-07-01
BDL,-32985.78282499997,3983.991225,21,11,2022-07-01,2026-02-02
INDIACEM,-33033.4165,1635.6926250000001,10,5,2019-06-03,2024-10-01
BANKINDIA,-33035.641249999986,1847.266665,12,6,2019-01-01,2023-02-20
HBLENGINE,-34235.971000000005,1000.1838,4,2,2025-11-03,2026-01-14
ARE&M,-34321.94679999999,1235.387925,5,3,2024-07-01,2024-09-12
PVRINOX,-34530.90160000001,1727.34195,17,8,2019-10-01,2023-05-02
DEEPAKNTR,-34872.457099999985,2443.8278999999998,17,9,2020-10-01,2022-11-11
ANANTRAJ,-35021.71334999999,1001.04735,4,2,2025-10-01,2025-11-25
NETWEB,-35160.872650000005,1766.13975,11,5,2025-10-01,2026-07-01
UCOBANK,-35453.50192499998,1014.162825,6,3,2023-01-02,2023-03-27
PPLPHARMA,-37730.161,1130.31135,4,2,2024-12-02,2025-01-10
GMDCLTD,-37922.314950000015,2500.4793,14,7,2023-11-01,2026-07-01
CHENNPETRO,-40478.68329999999,1127.6838,6,3,2022-07-01,2025-12-29
ATHERENERG,-40907.1880752427,1844.688375,9,5,2025-11-03,2026-07-01
RPOWER,-41657.93268500003,1998.25935,12,5,2023-07-03,2025-08-06
INOXWIND,-43415.186170000015,1092.00438,4,2,2024-10-01,2024-11-12
DATAPATTNS,-44138.67557857145,1842.414,11,6,2025-05-02,2026-07-01
RVNL,-46668.73137499998,6222.44805,31,15,2022-12-01,2026-03-16
RCF,-47689.170765,1562.67609,6,3,2023-02-01,2024-09-23
OLAELEC,-51015.314744999974,1824.5751,9,4,2025-02-01,2026-07-01
SAMMAANCAP,-53113.481375000076,3696.1985400000003,33,17,2019-06-03,2025-12-09
LTF,-54029.55104999996,2009.798775,16,8,2019-01-01,2026-01-14
GREAVESCOT,-61996.046175000025,1520.634885,6,3,2025-01-01,2025-03-18
TITAGARH,-62020.45937499999,1701.94185,6,3,2024-07-01,2025-08-12
M&MFIN,-69417.79607499999,1799.24655,14,8,2018-12-03,2023-07-31
IOB,-70298.45602499999,3114.10155,15,8,2023-01-02,2024-05-08
EMBDL,-70561.66187500002,2773.064325,15,7,2019-06-03,2024-05-07
BANDHANBNK,-74398.30695000003,3486.0786,25,11,2019-03-01,2023-06-22
ZEEL,-84306.558925,3385.871295,28,13,2018-12-03,2023-10-27
YESBANK,-89715.78805500006,3788.24748,29,12,2019-03-01,2026-01-01
HFCL,-105594.96309500006,4845.86577,20,10,2021-08-02,2026-07-01
