Company Name,Industry,Symbol,Series,ISIN Code,price,volume,percentage,historical data,days_of_data
360 ONE WAM Ltd.,Financial Services,360ONE,EQ,INE466L01038,1109.5,1319185.0,3.69,2019-09-19 to 2026-07-03,1683.0
3M India Ltd.,Diversified,3MINDIA,EQ,INE470A01017,35235.0,13634.0,3.75,2018-07-05 to 2026-07-03,1978.0
ACC Ltd.,Construction Materials,ACC,EQ,INE012A01025,1393.8,332973.0,3.19,2018-07-05 to 2026-07-03,1978.0
ACME Solar Holdings Ltd.,Power,ACMESOLAR,EQ,INE622W01025,383.25,1207098.0,-2.54,2024-11-13 to 2026-07-03,404.0
AIA Engineering Ltd.,Capital Goods,AIAENG,EQ,INE212H01026,4754.5,102604.0,-0.95,2018-07-05 to 2026-07-03,1978.0
APL Apollo Tubes Ltd.,Capital Goods,APLAPOLLO,EQ,INE702C01027,1788.0,1587791.0,-0.02,2018-07-05 to 2026-07-03,1978.0
ASK Automotive Ltd.,Automobile and Auto Components,ASKAUTOLTD,EQ,INE491J01022,454.65,57252.0,-0.18,2023-11-15 to 2026-07-03,652.0
AU Small Finance Bank Ltd.,Financial Services,AUBANK,EQ,INE949L01017,1058.4,1748260.0,0.13,2018-07-05 to 2026-07-03,1978.0
AWL Agri Business Ltd.,Fast Moving Consumer Goods,AWL,EQ,INE699H01024,191.11,15405298.0,3.89,2022-02-08 to 2026-07-03,1019.0
AXISCADES Technologies Ltd.,Capital Goods,AXISCADES,EQ,INE555B01013,1648.8,180635.0,-1.89,2018-07-05 to 2026-07-03,1978.0
Aadhar Housing Finance Ltd.,Financial Services,AADHARHFC,EQ,INE883F01010,555.6,1522557.0,3.71,2024-05-15 to 2026-07-03,530.0
Aarti Drugs Ltd.,Healthcare,AARTIDRUGS,EQ,INE767A01016,386.6,191215.0,0.56,2018-07-05 to 2026-07-03,1978.0
Aarti Industries Ltd.,Chemicals,AARTIIND,EQ,INE769A01020,487.7,610187.0,1.17,2018-07-05 to 2026-07-03,1978.0
Aarti Pharmalabs Ltd.,Healthcare,AARTIPHARM,EQ,INE0LRU01027,706.35,164819.0,1.31,2023-01-30 to 2026-07-03,848.0
Aavas Financiers Ltd.,Financial Services,AAVAS,EQ,INE216P01012,1506.1,55158.0,0.15,2018-10-08 to 2026-07-03,1916.0
Abbott India Ltd.,Healthcare,ABBOTINDIA,EQ,INE358A01014,25895.0,21108.0,0.66,2018-07-05 to 2026-07-03,1978.0
Action Construction Equipment Ltd.,Capital Goods,ACE,EQ,INE731H01025,989.9,211178.0,-2.64,2018-07-05 to 2026-07-03,1978.0
Acutaas Chemicals Ltd.,Healthcare,ACUTAAS,EQ,INE00FF01025,3694.8,297410.0,0.08,2021-09-14 to 2026-07-03,1191.0
Adani Total Gas Ltd.,Oil Gas & Consumable Fuels,ATGL,EQ,INE399L01023,721.75,1267326.0,-1.6,2018-11-05 to 2026-07-03,1897.0
Aditya Birla Capital Ltd.,Financial Services,ABCAPITAL,EQ,INE674K01013,401.25,6539560.0,2.11,2018-07-05 to 2026-07-03,1978.0
Aditya Birla Fashion and Retail Ltd.,Consumer Services,ABFRL,EQ,INE647O01011,62.47,8467968.0,0.95,2018-07-05 to 2026-07-03,1978.0
Aditya Birla Lifestyle Brands Ltd.,Consumer Services,ABLBL,EQ,INE14LE01019,97.89,861183.0,-0.41,2025-06-23 to 2026-07-03,255.0
Aditya Birla Real Estate Ltd.,Realty,ABREL,EQ,INE055A01016,1405.6,412207.0,-1.3,2018-07-05 to 2026-07-03,1978.0
Aditya Birla Sun Life AMC Ltd.,Financial Services,ABSLAMC,EQ,INE404A01024,1178.4,263221.0,-1.08,2021-10-11 to 2026-07-03,1172.0
Aditya Infotech Ltd.,Capital Goods,CPPLUS,EQ,INE819V01029,3588.4,134897.0,3.11,2025-08-05 to 2026-07-03,224.0
Aditya Vision Ltd.,Consumer Services,AVL,EQ,INE679V01027,638.55,226014.0,-0.28,2024-11-06 to 2026-07-03,409.0
Advanced Enzyme Tech Ltd.,Healthcare,ADVENZYMES,EQ,INE837H01020,317.6,735736.0,1.32,2018-07-05 to 2026-07-03,1978.0
Aegis Logistics Ltd.,Oil Gas & Consumable Fuels,AEGISLOG,EQ,INE208C01025,1325.4,4605652.0,0.26,2018-07-05 to 2026-07-03,1978.0
Aegis Vopak Terminals Ltd.,Oil Gas & Consumable Fuels,AEGISVOPAK,EQ,INE0INX01018,257.43,7292235.0,9.67,2025-06-02 to 2026-07-03,270.0
Aequs Ltd.,Capital Goods,AEQUS,EQ,INE947N01017,236.54,10538903.0,2.65,2025-12-10 to 2026-07-03,138.0
Aether Industries Ltd.,Chemicals,AETHER,EQ,INE0BWX01014,1359.6,338063.0,-0.93,2022-06-03 to 2026-07-03,1012.0
Afcons Infrastructure Ltd.,Construction,AFCONS,EQ,INE101I01011,312.15,254106.0,-0.72,2024-11-04 to 2026-07-03,411.0
Affle 3i Ltd.,Information Technology,AFFLE,EQ,INE00WC01027,1464.6,264140.0,0.44,2019-08-08 to 2026-07-03,1710.0
Ahluwalia Contracts (India) Ltd.,Construction,AHLUCONT,EQ,INE758C01029,829.4,38182.0,-3.12,2018-07-05 to 2026-07-03,1978.0
Ajanta Pharmaceuticals Ltd.,Healthcare,AJANTPHARM,EQ,INE031B01049,3326.3,83885.0,-0.57,2018-07-05 to 2026-07-03,1978.0
Akums Drugs and Pharmaceuticals Ltd.,Healthcare,AKUMS,EQ,INE09XN01023,626.8,123722.0,-1.67,2024-08-06 to 2026-07-03,473.0
Alembic Pharmaceuticals Ltd.,Healthcare,APLLTD,EQ,INE901L01018,823.7,143213.0,0.66,2018-07-05 to 2026-07-03,1978.0
Alivus Life Sciences Ltd.,Healthcare,ALIVUS,EQ,INE03Q201024,1157.7,78561.0,-0.13,2018-08-07 to 2026-07-03,1222.0
Alkem Laboratories Ltd.,Healthcare,ALKEM,EQ,INE540L01014,5562.5,568290.0,1.13,2018-07-05 to 2026-07-03,1978.0
Alkyl Amines Chemicals Ltd.,Chemicals,ALKYLAMINE,EQ,INE150B01039,1827.0,78213.0,-0.05,2018-07-05 to 2026-07-03,1978.0
Allied Blenders and Distillers Ltd.,Fast Moving Consumer Goods,ABDL,EQ,INE552Z01027,655.15,411744.0,-2.65,2024-07-02 to 2026-07-03,497.0
Alok Industries Ltd.,Textiles,ALOKINDS,EQ,INE270A01029,13.15,6403816.0,-0.9,2020-02-19 to 2026-07-03,1579.0
Amara Raja Energy & Mobility Ltd.,Automobile and Auto Components,ARE&M,EQ,INE885A01032,855.15,604052.0,-0.88,2018-07-05 to 2026-07-03,1978.0
Amber Enterprises India Ltd.,Consumer Durables,AMBER,EQ,INE371P01015,7484.5,202133.0,1.09,2018-07-05 to 2026-07-03,1978.0
Anand Rathi Wealth Ltd.,Financial Services,ANANDRATHI,EQ,INE463V01026,2061.7,694817.0,3.62,2021-12-14 to 2026-07-03,1129.0
Anant Raj Ltd.,Realty,ANANTRAJ,EQ,INE242C01024,554.7,4106068.0,3.17,2018-07-05 to 2026-07-03,1978.0
Angel One Ltd.,Financial Services,ANGELONE,EQ,INE732I01021,352.25,8341417.0,1.76,2020-10-05 to 2026-07-03,1425.0
Anthem Biosciences Ltd.,Healthcare,ANTHEM,EQ,INE0CZ201020,770.9,324125.0,-0.19,2025-07-21 to 2026-07-03,235.0
Anupam Rasayan India Ltd.,Chemicals,ANURAS,EQ,INE930P01018,1269.9,187232.0,-0.3,2021-03-24 to 2026-07-03,1307.0
Apar Industries Ltd.,Capital Goods,APARINDS,EQ,INE372A01015,14174.0,290910.0,-6.14,2018-07-05 to 2026-07-03,1978.0
Apollo Micro Systems Ltd.,Capital Goods,APOLLO,EQ,INE713T01028,450.05,35471294.0,2.39,2018-07-05 to 2026-07-03,1978.0
Apollo Tyres Ltd.,Automobile and Auto Components,APOLLOTYRE,EQ,INE438A01022,448.5,1064985.0,-1.77,2018-07-05 to 2026-07-03,1978.0
Aptus Value Housing Finance India Ltd.,Financial Services,APTUS,EQ,INE852O01025,287.85,862152.0,-0.38,2021-08-24 to 2026-07-03,1205.0
Archean Chemical Industries Ltd.,Chemicals,ACI,EQ,INE128X01021,539.65,157891.0,1.5,2022-11-21 to 2026-07-03,897.0
Arvind Fashions Ltd.,Consumer Services,ARVINDFASN,EQ,INE955V01021,470.15,205237.0,-0.94,2019-03-08 to 2026-07-03,1813.0
Arvind Ltd.,Textiles,ARVIND,EQ,INE034A01011,569.05,587692.0,0.18,2018-07-05 to 2026-07-03,1978.0
Asahi India Glass Ltd.,Automobile and Auto Components,ASAHIINDIA,EQ,INE439A01020,873.65,53290.0,-1.71,2018-07-05 to 2026-07-03,1978.0
Ashapura Minechem Ltd.,Metals & Mining,ASHAPURMIN,EQ,INE348A01023,645.6,287330.0,-2.63,2018-07-05 to 2026-07-03,1978.0
Ashok Leyland Ltd.,Capital Goods,ASHOKLEY,EQ,INE208A01029,164.35,20821054.0,-0.23,2018-07-05 to 2026-07-03,1978.0
Ashoka Buildcon Ltd.,Construction,ASHOKA,EQ,INE442H01029,132.05,457825.0,-0.24,2018-07-05 to 2026-07-03,1978.0
Aster DM Healthcare Ltd.,Healthcare,ASTERDM,EQ,INE914M01019,793.2,349759.0,0.28,2018-07-05 to 2026-07-03,1978.0
Astra Microwave Products Ltd.,Capital Goods,ASTRAMICRO,EQ,INE386C01029,1848.5,1099562.0,2.94,2018-07-05 to 2026-07-03,1978.0
Astral Ltd.,Capital Goods,ASTRAL,EQ,INE006I01046,1385.0,506210.0,1.6,2018-07-05 to 2026-07-03,1978.0
Ather Energy Ltd.,Automobile and Auto Components,ATHERENERG,EQ,INE0LEZ01016,1130.0,2599986.0,-1.14,2025-05-06 to 2026-07-03,289.0
Atlanta Electricals Ltd.,Capital Goods,ATLANTAELE,EQ,INE0Z4F01028,1688.4,129217.0,-4.36,2025-09-29 to 2026-07-03,187.0
Atul Ltd.,Chemicals,ATUL,EQ,INE100A01010,6556.5,21172.0,1.34,2018-07-05 to 2026-07-03,1978.0
Aurionpro Solution Ltd.,Information Technology,AURIONPRO,EQ,INE132H01018,879.65,132181.0,-0.9,2018-07-05 to 2026-07-03,1978.0
Aurobindo Pharma Ltd.,Healthcare,AUROPHARMA,EQ,INE406A01037,1620.5,2190579.0,3.81,2018-07-05 to 2026-07-03,1978.0
Authum Investment & Infrastructure Ltd.,Financial Services,AIIL,EQ,INE206F01022,524.75,146126.0,0.33,2024-04-23 to 2026-07-03,545.0
Avalon Technologies Ltd.,Capital Goods,AVALON,EQ,INE0LCL01028,1788.3,249227.0,-0.63,2023-04-18 to 2026-07-03,797.0
Avanti Feeds Ltd.,Fast Moving Consumer Goods,AVANTIFEED,EQ,INE871C01038,955.6,245332.0,0.87,2018-07-05 to 2026-07-03,1978.0
AvenuesAI Ltd.,Financial Services,CCAVENUE,EQ,INE483S01020,17.08,20455114.0,-1.67,2018-07-05 to 2026-07-03,1978.0
Awfis Space Solutions Ltd.,Services,AWFIS,EQ,INE108V01019,301.4,200763.0,-1.37,2024-05-30 to 2026-07-03,519.0
Azad Engineering Ltd.,Capital Goods,AZAD,EQ,INE02IJ01035,2149.1,990647.0,3.62,2023-12-28 to 2026-07-03,623.0
BEML Ltd.,Capital Goods,BEML,EQ,INE258A01024,1864.7,304031.0,-0.12,2018-07-05 to 2026-07-03,1978.0
BLS International Services Ltd.,Consumer Services,BLS,EQ,INE153T01027,253.6,1075539.0,0.36,2018-07-05 to 2026-07-03,1978.0
BSE Ltd.,Financial Services,BSE,EQ,INE118H01025,3816.6,3050309.0,-0.47,2018-07-05 to 2026-07-03,1978.0
Bajaj Electricals Ltd,Consumer Durables,BAJAJELEC,EQ,INE193E01025,328.95,188907.0,-0.38,2018-07-05 to 2026-07-03,1978.0
Bajaj Housing Finance Ltd.,Financial Services,BAJAJHFL,EQ,INE377Y01014,91.35,37731135.0,3.05,2024-09-16 to 2026-07-03,445.0
Balaji Amines Ltd.,Chemicals,BALAMINES,EQ,INE050E01027,2194.2,162948.0,-1.66,2018-07-05 to 2026-07-03,1978.0
Balkrishna Industries Ltd.,Automobile and Auto Components,BALKRISIND,EQ,INE787D01026,2220.4,65691.0,-0.44,2018-07-05 to 2026-07-03,1978.0
Balrampur Chini Mills Ltd.,Fast Moving Consumer Goods,BALRAMCHIN,EQ,INE119A01028,562.45,317543.0,-0.84,2018-07-05 to 2026-07-03,1978.0
Balu Forge Industries Ltd.,Capital Goods,BALUFORGE,EQ,INE011E01029,465.7,366525.0,-0.95,2024-04-29 to 2026-07-03,541.0
Banco Products (India) Ltd.,Automobile and Auto Components,BANCOINDIA,EQ,INE213C01025,689.1,504015.0,1.38,2018-07-05 to 2026-07-03,1978.0
Bandhan Bank Ltd.,Financial Services,BANDHANBNK,EQ,INE545U01014,200.6,5565751.0,-2.19,2018-07-05 to 2026-07-03,1978.0
Bank of India,Financial Services,BANKINDIA,EQ,INE084A01016,144.05,8081817.0,-0.63,2018-07-05 to 2026-07-03,1978.0
Bank of Maharashtra,Financial Services,MAHABANK,EQ,INE457A01014,88.53,16125073.0,-2.76,2018-07-05 to 2026-07-03,1978.0
Bata India Ltd.,Consumer Durables,BATAINDIA,EQ,INE176A01028,696.6,116354.0,-0.28,2018-07-05 to 2026-07-03,1978.0
Bayer Cropscience Ltd.,Chemicals,BAYERCROP,EQ,INE462A01022,4135.6,21733.0,-0.49,2018-07-05 to 2026-07-03,1978.0
Belrise Industries Ltd.,Automobile and Auto Components,BELRISE,EQ,INE894V01022,230.74,11425428.0,-3.13,2025-05-28 to 2026-07-03,273.0
Berger Paints India Ltd.,Consumer Durables,BERGEPAINT,EQ,INE463A01038,519.45,490880.0,-0.25,2018-07-05 to 2026-07-03,1978.0
Bharat Dynamics Ltd.,Capital Goods,BDL,EQ,INE171Z01026,1388.2,2504960.0,0.24,2018-07-05 to 2026-07-03,1978.0
Bharat Forge Ltd.,Automobile and Auto Components,BHARATFORG,EQ,INE465A01025,2136.7,537585.0,-0.57,2018-07-05 to 2026-07-03,1978.0
Bharat Heavy Electricals Ltd.,Capital Goods,BHEL,EQ,INE257A01026,383.6,29608874.0,-4.57,2018-07-05 to 2026-07-03,1978.0
Bharti Hexacom Ltd.,Telecommunication,BHARTIHEXA,EQ,INE343G01021,1454.1,619493.0,0.94,2024-04-12 to 2026-07-03,551.0
Bikaji Foods International Ltd.,Fast Moving Consumer Goods,BIKAJI,EQ,INE00E101023,662.2,100793.0,1.07,2022-11-16 to 2026-07-03,900.0
Billionbrains Garage Ventures Ltd.,Financial Services,GROWW,EQ,INE0HOQ01053,206.5,11214195.0,0.2,2025-11-12 to 2026-07-03,158.0
Biocon Ltd.,Healthcare,BIOCON,EQ,INE376G01013,426.8,6403875.0,1.96,2018-07-05 to 2026-07-03,1978.0
Birla Corporation Ltd.,Construction Materials,BIRLACORPN,EQ,INE340A01012,981.55,55428.0,0.03,2018-07-05 to 2026-07-03,1978.0
Birlasoft Ltd.,Information Technology,BSOFT,EQ,INE836A01035,282.55,3520237.0,0.23,2018-07-05 to 2026-07-03,1978.0
Black Box Ltd.,Information Technology,BBOX,EQ,INE676A01027,994.95,428821.0,0.65,2018-07-05 to 2026-07-03,1978.0
Blackbuck Ltd.,Services,BLACKBUCK,EQ,INE0UIZ01018,549.0,180208.0,-0.3,2024-11-22 to 2026-07-03,399.0
Blue Dart Express Ltd.,Services,BLUEDART,EQ,INE233B01017,4851.9,12637.0,-0.95,2018-07-05 to 2026-07-03,1978.0
Blue Jet Healthcare Ltd.,Healthcare,BLUEJET,EQ,INE0KBH01020,556.0,445432.0,-2.15,2023-11-01 to 2026-07-03,662.0
Blue Star Ltd.,Consumer Durables,BLUESTARCO,EQ,INE472A01039,1583.2,262053.0,-0.99,2018-07-05 to 2026-07-03,1978.0
BlueStone Jewellery and Lifestyle Ltd.,Consumer Durables,BLUESTONE,EQ,INE304W01038,569.65,188134.0,-0.18,2025-08-19 to 2026-07-03,215.0
Bombay Burmah Trading Corporation Ltd.,Fast Moving Consumer Goods,BBTC,EQ,INE050A01025,1556.7,22448.0,0.13,2018-07-05 to 2026-07-03,1978.0
Borosil Renewables Ltd.,Capital Goods,BORORENEW,EQ,INE666D01022,621.7,601901.0,-0.12,2018-07-05 to 2026-07-03,1978.0
Brainbees Solutions Ltd.,Consumer Services,FIRSTCRY,EQ,INE02RE01045,219.26,1602818.0,-3.11,2024-08-13 to 2026-07-03,468.0
Brigade Enterprises Ltd.,Realty,BRIGADE,EQ,INE791I01019,513.85,1141899.0,2.51,2018-07-05 to 2026-07-03,1978.0
C.E. Info Systems Ltd.,Information Technology,MAPMYINDIA,EQ,INE0BV301023,938.35,862146.0,2.62,2021-12-21 to 2026-07-03,1124.0
CCL Products (I) Ltd.,Fast Moving Consumer Goods,CCL,EQ,INE421D01022,1173.0,107906.0,-1.13,2018-07-05 to 2026-07-03,1978.0
CESC Ltd.,Power,CESC,EQ,INE486A01021,169.7,690446.0,-0.29,2018-07-05 to 2026-07-03,1978.0
CIE Automotive India Ltd.,Automobile and Auto Components,CIEINDIA,EQ,INE536H01010,471.05,121376.0,-0.65,2018-07-05 to 2026-07-03,1978.0
CMS Info Systems Ltd.,Services,CMSINFO,EQ,INE925R01014,274.55,570034.0,-0.36,2021-12-31 to 2026-07-03,1116.0
CORONA Remedies Ltd.,Healthcare,CORONA,EQ,INE02ZQ01018,2037.9,47437.0,1.44,2025-12-15 to 2026-07-03,135.0
CRISIL Ltd.,Financial Services,CRISIL,EQ,INE007A01025,4017.2,61335.0,-1.58,2018-07-05 to 2026-07-03,1978.0
CSB Bank Ltd.,Financial Services,CSBBANK,EQ,INE679A01013,352.2,682350.0,0.2,2019-12-04 to 2026-07-03,1634.0
Campus Activewear Ltd.,Consumer Durables,CAMPUS,EQ,INE278Y01022,235.06,187819.0,0.37,2022-05-09 to 2026-07-03,1031.0
Can Fin Homes Ltd.,Financial Services,CANFINHOME,EQ,INE477A01020,900.1,682419.0,1.99,2018-07-05 to 2026-07-03,1978.0
Canara HSBC Life Insurance Company Ltd.,Financial Services,CANHLIFE,EQ,INE01TY01017,142.24,708056.0,0.3,2025-10-17 to 2026-07-03,174.0
Canara Robeco Asset Management Company Ltd.,Financial Services,CRAMC,EQ,INE218I01013,255.78,221904.0,0.01,2025-10-16 to 2026-07-03,175.0
Capillary Technologies India Ltd.,Information Technology,CAPILLARY,EQ,INE0ILV01024,515.05,250618.0,1.36,2025-11-21 to 2026-07-03,151.0
Caplin Point Laboratories Ltd.,Healthcare,CAPLIPOINT,EQ,INE475E01026,2538.1,123712.0,-0.0,2018-07-05 to 2026-07-03,1978.0
Capri Global Capital Ltd.,Financial Services,CGCL,EQ,INE180C01042,233.87,3416564.0,2.68,2018-07-05 to 2026-07-03,1978.0
Carborundum Universal Ltd.,Capital Goods,CARBORUNIV,EQ,INE120A01034,1139.6,118918.0,-0.18,2018-07-05 to 2026-07-03,1978.0
Cartrade Tech Ltd.,Consumer Services,CARTRADE,EQ,INE290S01011,2699.6,382280.0,-1.55,2021-08-20 to 2026-07-03,1207.0
Castrol India Ltd.,Oil Gas & Consumable Fuels,CASTROLIND,EQ,INE172A01027,184.37,657691.0,-0.04,2018-07-05 to 2026-07-03,1978.0
Ceat Ltd.,Automobile and Auto Components,CEATLTD,EQ,INE482A01020,3799.4,180481.0,-0.17,2018-07-05 to 2026-07-03,1978.0
Cello World Ltd.,Consumer Durables,CELLO,EQ,INE0LMW01024,366.85,159602.0,-0.61,2023-11-06 to 2026-07-03,659.0
Cemindia Projects Ltd.,Construction,CEMPRO,EQ,INE686A01026,1449.0,693708.0,1.23,2018-07-05 to 2026-07-03,1978.0
Central Bank of India,Financial Services,CENTRALBK,EQ,INE483A01010,32.8,12698431.0,0.77,2018-07-05 to 2026-07-03,1978.0
Central Depository Services (India) Ltd.,Financial Services,CDSL,EQ,INE736A01011,1350.6,1144321.0,-0.01,2018-07-05 to 2026-07-03,1978.0
Century Plyboards (India) Ltd.,Consumer Durables,CENTURYPLY,EQ,INE348B01021,775.1,66694.0,2.59,2018-07-05 to 2026-07-03,1978.0
Cera Sanitaryware Ltd,Consumer Durables,CERA,EQ,INE739E01017,6460.0,7512.0,-0.25,2018-07-05 to 2026-07-03,1978.0
Chalet Hotels Ltd.,Consumer Services,CHALET,EQ,INE427F01016,834.7,60229.0,-0.29,2019-02-07 to 2026-07-03,1833.0
Chambal Fertilizers & Chemicals Ltd.,Chemicals,CHAMBLFERT,EQ,INE085A01013,481.55,691410.0,0.94,2018-07-05 to 2026-07-03,1978.0
Chennai Petroleum Corporation Ltd.,Oil Gas & Consumable Fuels,CHENNPETRO,EQ,INE178A01016,1125.8,324849.0,-0.73,2018-07-05 to 2026-07-03,1978.0
Choice International Ltd.,Financial Services,CHOICEIN,EQ,INE102B01014,800.05,1634548.0,2.54,2022-04-08 to 2026-07-03,1049.0
Cholamandalam Financial Holdings Ltd.,Financial Services,CHOLAHLDNG,EQ,INE149A01033,1673.9,79677.0,-0.78,2018-07-05 to 2026-07-03,1978.0
City Union Bank Ltd.,Financial Services,CUB,EQ,INE491A01021,216.76,1479646.0,-0.48,2018-07-05 to 2026-07-03,1978.0
Clean Science and Technology Ltd.,Chemicals,CLEAN,EQ,INE227W01023,773.3,173399.0,-0.51,2021-07-19 to 2026-07-03,1229.0
Cochin Shipyard Ltd.,Capital Goods,COCHINSHIP,EQ,INE704P01025,1524.1,1390329.0,0.32,2018-07-05 to 2026-07-03,1978.0
Coforge Ltd.,Information Technology,COFORGE,EQ,INE591G01025,1464.0,4053069.0,1.53,2018-07-05 to 2026-07-03,1978.0
Cohance Lifesciences Ltd.,Healthcare,COHANCE,EQ,INE03QK01018,454.5,403821.0,0.42,2020-03-09 to 2026-07-03,1567.0
Colgate Palmolive (India) Ltd.,Fast Moving Consumer Goods,COLPAL,EQ,INE259A01022,2047.0,136722.0,-0.7,2018-07-05 to 2026-07-03,1978.0
Computer Age Management Services Ltd.,Financial Services,CAMS,EQ,INE596I01020,798.35,1396847.0,0.03,2020-10-05 to 2026-07-03,1425.0
Concord Biotech Ltd.,Healthcare,CONCORDBIO,EQ,INE338H01029,1274.9,116075.0,-0.87,2023-08-18 to 2026-07-03,712.0
Container Corporation of India Ltd.,Services,CONCOR,EQ,INE111A01025,488.2,6696249.0,2.25,2018-07-05 to 2026-07-03,1978.0
Coromandel International Ltd.,Chemicals,COROMANDEL,EQ,INE169A01031,2034.3,270143.0,1.4,2018-07-05 to 2026-07-03,1978.0
Craftsman Automation Ltd.,Automobile and Auto Components,CRAFTSMAN,EQ,INE00LO01017,9119.0,54626.0,-1.69,2021-03-25 to 2026-07-03,1306.0
CreditAccess Grameen Ltd.,Financial Services,CREDITACC,EQ,INE741K01010,1557.4,564628.0,0.91,2018-08-23 to 2026-07-03,1945.0
Crizac Ltd.,Consumer Services,CRIZAC,EQ,INE0S4R01014,198.95,468241.0,-0.56,2025-07-09 to 2026-07-03,243.0
Crompton Greaves Consumer Electricals Ltd.,Consumer Durables,CROMPTON,EQ,INE299U01018,270.8,889475.0,-1.22,2018-07-05 to 2026-07-03,1978.0
Cupid Ltd.,Fast Moving Consumer Goods,CUPID,EQ,INE509F01029,198.84,28356657.0,3.53,2018-07-05 to 2026-07-03,1978.0
Cyient Ltd.,Information Technology,CYIENT,EQ,INE136B01020,890.35,275792.0,1.24,2018-07-05 to 2026-07-03,1978.0
DCB Bank Ltd.,Financial Services,DCBBANK,EQ,INE503A01015,189.27,764028.0,-2.18,2018-07-05 to 2026-07-03,1978.0
DCM Shriram Ltd.,Diversified,DCMSHRIRAM,EQ,INE499A01024,1025.9,46262.0,0.61,2018-07-05 to 2026-07-03,1978.0
DOMS Industries Ltd.,Fast Moving Consumer Goods,DOMS,EQ,INE321T01012,2310.5,26402.0,-1.27,2023-12-20 to 2026-07-03,628.0
Dabur India Ltd.,Fast Moving Consumer Goods,DABUR,EQ,INE016A01026,444.35,2061060.0,-0.59,2018-07-05 to 2026-07-03,1978.0
Dalmia Bharat Ltd.,Construction Materials,DALBHARAT,EQ,INE00R701025,1765.1,357319.0,0.98,2019-02-05 to 2026-07-03,1835.0
Data Patterns (India) Ltd.,Capital Goods,DATAPATTNS,EQ,INE0IX101010,4507.0,604282.0,-3.21,2021-12-24 to 2026-07-03,1121.0
Datamatics Global Services Ltd.,Information Technology,DATAMATICS,EQ,INE365B01017,819.35,80189.0,-0.92,2018-07-05 to 2026-07-03,1978.0
Deepak Fertilisers & Petrochemicals Corp. Ltd.,Chemicals,DEEPAKFERT,EQ,INE501A01019,1649.3,277609.0,-0.9,2018-07-05 to 2026-07-03,1978.0
Deepak Nitrite Ltd.,Chemicals,DEEPAKNTR,EQ,INE288B01029,1558.1,126571.0,-0.91,2018-07-05 to 2026-07-03,1978.0
Delhivery Ltd.,Services,DELHIVERY,EQ,INE148O01028,507.45,8380203.0,-0.36,2022-05-24 to 2026-07-03,1020.0
Devyani International Ltd.,Consumer Services,DEVYANI,EQ,INE872J01023,114.19,752843.0,-0.1,2021-08-16 to 2026-07-03,1210.0
Diamond Power Infrastructure Ltd.,Capital Goods,DIACABS,EQ,INE989C01038,198.89,5306753.0,-5.42,2023-09-18 to 2026-07-03,690.0
Dilip Buildcon Ltd.,Construction,DBL,EQ,INE917M01012,441.6,83416.0,0.98,2018-07-05 to 2026-07-03,1978.0
Dixon Technologies (India) Ltd.,Consumer Durables,DIXON,EQ,INE935N01020,12456.0,347224.0,0.67,2018-07-05 to 2026-07-03,1978.0
Dr. Agarwal's Health Care Ltd.,Healthcare,AGARWALEYE,EQ,INE943P01029,477.6,67099.0,0.21,2025-02-04 to 2026-07-03,347.0
Dr. Lal Path Labs Ltd.,Healthcare,LALPATHLAB,EQ,INE600L01024,1645.7,501490.0,-0.28,2018-07-05 to 2026-07-03,1978.0
Dummy Allcargo Logistics Ltd.,Services,DUMMYALCAR,EQ,DUM418H01029,,,,,
Dynamatic Technologies Ltd.,Capital Goods,DYNAMATECH,EQ,INE221B01012,10288.0,12519.0,-1.3,2018-07-05 to 2026-07-03,1978.0
E.I.D. Parry (India) Ltd.,Fast Moving Consumer Goods,EIDPARRY,EQ,INE126A01031,742.4,174948.0,0.97,2018-07-05 to 2026-07-03,1978.0
EIH Ltd.,Consumer Services,EIHOTEL,EQ,INE230A01023,329.4,170252.0,1.15,2018-07-05 to 2026-07-03,1978.0
EPL Ltd.,Capital Goods,EPL,EQ,INE255A01020,237.17,1451824.0,2.73,2018-07-05 to 2026-07-03,1978.0
Edelweiss Financial Services Ltd.,Financial Services,EDELWEISS,EQ,INE532F01054,124.33,4302643.0,0.36,2018-07-05 to 2026-07-03,1978.0
Elecon Engineering Co. Ltd.,Capital Goods,ELECON,EQ,INE205B01031,526.7,280389.0,-2.55,2018-07-05 to 2026-07-03,1978.0
Electronics Mart India Ltd.,Consumer Services,EMIL,EQ,INE02YR01019,140.68,4692023.0,2.76,2022-10-17 to 2026-07-03,920.0
Electrosteel Castings Ltd.,Capital Goods,ELECTCAST,EQ,INE086A01029,77.83,1511682.0,-0.49,2018-07-05 to 2026-07-03,1978.0
Elgi Equipments Ltd.,Capital Goods,ELGIEQUIP,EQ,INE285A01027,578.55,330765.0,-2.6,2018-07-05 to 2026-07-03,1978.0
Ellenbarrie Industrial Gases Ltd.,Chemicals,ELLEN,EQ,INE236E01022,261.25,202191.0,-0.4,2025-07-01 to 2026-07-03,249.0
Emami Ltd.,Fast Moving Consumer Goods,EMAMILTD,EQ,INE548C01032,420.05,955477.0,0.77,2018-07-05 to 2026-07-03,1978.0
Embassy Developments Ltd.,Realty,EMBDL,EQ,INE069I01010,63.02,2949303.0,-0.94,2018-07-05 to 2026-07-03,1966.0
Emcure Pharmaceuticals Ltd.,Healthcare,EMCURE,EQ,INE168P01015,1839.1,69426.0,-0.94,2024-07-10 to 2026-07-03,491.0
Emmvee Photovoltaic Power Ltd.,Capital Goods,EMMVEE,EQ,INE1C6T01020,358.95,2672235.0,-0.91,2025-11-18 to 2026-07-03,154.0
Endurance Technologies Ltd.,Automobile and Auto Components,ENDURANCE,EQ,INE913H01037,2640.8,50324.0,-0.83,2018-07-05 to 2026-07-03,1978.0
Engineers India Ltd.,Construction,ENGINERSIN,EQ,INE510A01028,237.49,2679400.0,1.4,2018-07-05 to 2026-07-03,1978.0
Entero Healthcare Solutions Ltd.,Consumer Services,ENTERO,EQ,INE010601016,1212.4,87122.0,1.52,2024-02-16 to 2026-07-03,588.0
Enviro Infra Engineers Ltd.,Utilities,EIEL,EQ,INE0LLY01014,235.46,14473171.0,3.08,2024-11-29 to 2026-07-03,394.0
Equitas Small Finance Bank Ltd.,Financial Services,EQUITASBNK,EQ,INE063P01018,76.3,1955062.0,-1.48,2020-11-02 to 2026-07-03,1405.0
Eris Lifesciences Ltd.,Healthcare,ERIS,EQ,INE406M01024,1431.1,26053.0,-1.21,2018-07-05 to 2026-07-03,1978.0
Escorts Kubota Ltd.,Capital Goods,ESCORTS,EQ,INE042A01014,2964.9,82653.0,0.53,2018-07-05 to 2026-07-03,1978.0
Ethos Ltd.,Consumer Durables,ETHOSLTD,EQ,INE04TZ01018,2494.8,34215.0,-0.36,2022-05-30 to 2026-07-03,1016.0
Eureka Forbes Ltd.,Consumer Durables,EUREKAFORB,EQ,INE0KCE01017,476.0,182414.0,-1.02,2024-09-11 to 2026-07-03,448.0
Exide Industries Ltd.,Automobile and Auto Components,EXIDEIND,EQ,INE302A01020,416.6,3780016.0,-0.66,2018-07-05 to 2026-07-03,1978.0
FSN E-Commerce Ventures Ltd.,Consumer Services,NYKAA,EQ,INE388Y01029,310.3,5087402.0,-1.18,2021-11-10 to 2026-07-03,1152.0
Fedbank Financial Services Ltd.,Financial Services,FEDFINA,EQ,INE007N01010,152.97,666329.0,0.71,2023-11-30 to 2026-07-03,642.0
Federal Bank Ltd.,Financial Services,FEDERALBNK,EQ,INE171A01029,327.4,5420067.0,-1.09,2018-07-05 to 2026-07-03,1979.0
Fertilisers and Chemicals Travancore Ltd.,Chemicals,FACT,EQ,INE188A01015,883.3,205396.0,0.7,2018-07-05 to 2026-07-03,1978.0
Fiem Industries Ltd,Automobile and Auto Components,FIEMIND,EQ,INE737H01014,2261.7,25277.0,0.0,2018-07-05 to 2026-07-03,1978.0
Finolex Cables Ltd.,Capital Goods,FINCABLES,EQ,INE235A01022,1100.1,408057.0,-2.63,2018-07-05 to 2026-07-03,1978.0
Finolex Industries Ltd.,Capital Goods,FINPIPE,EQ,INE183A01024,174.77,850656.0,-0.87,2018-07-05 to 2026-07-03,1978.0
Firstsource Solutions Ltd.,Services,FSL,EQ,INE684F01012,240.33,1852507.0,0.66,2018-07-05 to 2026-07-03,1978.0
Five-Star Business Finance Ltd.,Financial Services,FIVESTAR,EQ,INE128S01021,550.4,1142044.0,1.2,2022-11-21 to 2026-07-03,897.0
Force Motors Ltd.,Automobile and Auto Components,FORCEMOT,EQ,INE451A01017,18804.0,183601.0,-2.91,2019-08-20 to 2026-07-03,1628.0
Fortis Healthcare Ltd.,Healthcare,FORTIS,EQ,INE061F01013,974.6,1136906.0,-0.04,2018-07-05 to 2026-07-03,1978.0
Fujiyama Power Systems Ltd.,Capital Goods,UTLSOLAR,EQ,INE12UR01024,342.75,442742.0,-1.47,2025-11-20 to 2026-07-03,152.0
GE Vernova T&D India Ltd.,Capital Goods,GVT&D,EQ,INE200A01026,4401.5,3832553.0,-8.74,2018-07-05 to 2026-07-03,1978.0
GHCL Ltd.,Chemicals,GHCL,EQ,INE539A01019,430.15,212883.0,-1.41,2018-07-05 to 2026-07-03,1978.0
GMM Pfaudler Ltd.,Capital Goods,GMMPFAUDLR,EQ,INE541A01023,776.75,72258.0,0.69,2018-07-05 to 2026-07-03,1978.0
GMR Airports Ltd.,Services,GMRAIRPORT,EQ,INE776C01039,112.8,33419995.0,0.9,2018-07-05 to 2026-07-03,1978.0
GMR Power and Urban Infra Ltd.,Power,GMRP&UI,EQ,INE0CU601026,99.95,645889.0,-0.19,2022-03-23 to 2026-07-03,1061.0
Gabriel India Ltd.,Automobile and Auto Components,GABRIEL,EQ,INE524A01029,1231.8,300309.0,-0.83,2018-07-05 to 2026-07-03,1978.0
Gallantt Ispat Ltd.,Capital Goods,GALLANTT,EQ,INE297H01019,688.75,86976.0,1.3,2018-07-05 to 2026-07-03,1978.0
Garden Reach Shipbuilders & Engineers Ltd.,Capital Goods,GRSE,EQ,INE382Z01011,2748.5,530210.0,-0.82,2018-10-10 to 2026-07-03,1914.0
Garware Hi-Tech Films Ltd.,Capital Goods,GRWRHITECH,EQ,INE291A01017,6875.0,63461.0,-0.86,2022-02-03 to 2026-07-03,1093.0
General Insurance Corporation of India,Financial Services,GICRE,EQ,INE481Y01014,360.95,357709.0,0.36,2018-07-05 to 2026-07-03,1978.0
Gillette India Ltd.,Fast Moving Consumer Goods,GILLETTE,EQ,INE322A01010,7610.5,18950.0,-0.04,2018-07-05 to 2026-07-03,1978.0
Gland Pharma Ltd.,Healthcare,GLAND,EQ,INE068V01023,2462.3,525087.0,0.66,2020-11-20 to 2026-07-03,1391.0
Glaxosmithkline Pharmaceuticals Ltd.,Healthcare,GLAXO,EQ,INE159A01016,2395.5,57138.0,-0.84,2018-07-05 to 2026-07-03,1978.0
Glenmark Pharmaceuticals Ltd.,Healthcare,GLENMARK,EQ,INE935A01035,2211.0,632010.0,0.68,2018-07-05 to 2026-07-03,1978.0
Global Health Ltd.,Healthcare,MEDANTA,EQ,INE474Q01031,1350.7,177042.0,0.4,2022-11-16 to 2026-07-03,900.0
Go Digit General Insurance Ltd.,Financial Services,GODIGIT,EQ,INE03JT01014,313.55,111074.0,0.1,2024-05-23 to 2026-07-03,524.0
Godawari Power & Ispat Ltd.,Capital Goods,GPIL,EQ,INE177H01039,254.5,1544168.0,-0.99,2018-07-05 to 2026-07-03,1978.0
Godfrey Phillips India Ltd.,Fast Moving Consumer Goods,GODFRYPHLP,EQ,INE260B01028,2170.1,291690.0,-0.06,2018-07-05 to 2026-07-03,1978.0
Godrej Agrovet Ltd.,Fast Moving Consumer Goods,GODREJAGRO,EQ,INE850D01014,559.5,62609.0,0.95,2018-07-05 to 2026-07-03,1978.0
Godrej Industries Ltd.,Diversified,GODREJIND,EQ,INE233A01035,1209.8,111805.0,-0.17,2018-07-05 to 2026-07-03,1978.0
Godrej Properties Ltd.,Realty,GODREJPROP,EQ,INE484J01027,1996.4,1001835.0,1.41,2018-07-05 to 2026-07-03,1978.0
Gokaldas Exports Ltd.,Textiles,GOKEX,EQ,INE887G01027,858.9,325507.0,-2.05,2018-07-05 to 2026-07-03,1978.0
Gokul Agro Resources Ltd.,Fast Moving Consumer Goods,GOKULAGRO,EQ,INE314T01033,209.25,154330.0,-1.12,2018-07-05 to 2026-07-03,1946.0
Granules India Ltd.,Healthcare,GRANULES,EQ,INE101D01020,833.8,1303070.0,0.98,2018-07-05 to 2026-07-03,1978.0
Graphite India Ltd.,Capital Goods,GRAPHITE,EQ,INE371A01025,627.8,353563.0,-0.02,2018-07-05 to 2026-07-03,1978.0
Gravita India Ltd.,Metals & Mining,GRAVITA,EQ,INE024L01027,1724.4,448239.0,2.19,2018-07-05 to 2026-07-03,1978.0
Great Eastern Shipping Co. Ltd.,Services,GESHIP,EQ,INE017A01032,1440.4,237467.0,1.3,2018-07-05 to 2026-07-03,1978.0
Greaves Cotton Ltd.,Capital Goods,GREAVESCOT,EQ,INE224A01026,226.57,3039991.0,-1.93,2018-07-05 to 2026-07-03,1978.0
Gujarat Ambuja Exports Ltd.,Fast Moving Consumer Goods,GAEL,EQ,INE036B01030,164.52,606758.0,-0.5,2018-07-05 to 2026-07-03,1978.0
Gujarat Fluorochemicals Ltd.,Chemicals,FLUOROCHEM,EQ,INE09N301011,3965.5,130712.0,-0.18,2019-10-16 to 2026-07-03,1667.0
Gujarat Mineral Development Corporation Ltd.,Metals & Mining,GMDCLTD,EQ,INE131A01031,603.1,970906.0,-0.94,2018-07-05 to 2026-07-03,1978.0
Gujarat Narmada Valley Fertilizers and Chemicals Ltd.,Chemicals,GNFC,EQ,INE113A01013,529.2,461929.0,-0.93,2018-07-05 to 2026-07-03,1978.0
Gujarat Pipavav Port Ltd.,Services,GPPL,EQ,INE517F01014,154.69,775038.0,0.64,2018-07-05 to 2026-07-03,1978.0
Gujarat State Fertilizers & Chemicals Ltd.,Chemicals,GSFC,EQ,INE026A01025,162.38,610924.0,1.27,2018-07-05 to 2026-07-03,1978.0
H.E.G. Ltd.,Capital Goods,HEG,EQ,INE545A01024,526.9,428704.0,0.95,2018-07-05 to 2026-07-03,1978.0
H.G. Infra Engineering Ltd.,Construction,HGINFRA,EQ,INE926X01010,571.8,50578.0,1.34,2018-07-05 to 2026-07-03,1978.0
HBL Engineering Ltd.,Capital Goods,HBLENGINE,EQ,INE292B01021,816.95,583566.0,-0.83,2018-07-05 to 2026-07-03,1978.0
HDB Financial Services Ltd.,Financial Services,HDBFS,EQ,INE756I01012,747.05,474202.0,0.93,2025-07-02 to 2026-07-03,248.0
HFCL Ltd.,Telecommunication,HFCL,EQ,INE548A01028,214.48,19588825.0,4.83,2018-07-05 to 2026-07-03,1978.0
Happiest Minds Technologies Ltd.,Information Technology,HAPPSTMNDS,EQ,INE419U01012,350.05,931136.0,-0.54,2020-09-17 to 2026-07-03,1436.0
Havells India Ltd.,Consumer Durables,HAVELLS,EQ,INE176B01034,1181.1,474220.0,-0.47,2018-07-05 to 2026-07-03,1978.0
Healthcare Global Enterprises Ltd.,Healthcare,HCG,EQ,INE075I01017,654.8,114869.0,0.89,2018-07-05 to 2026-07-03,1978.0
Hemisphere Properties India Ltd.,Services,HEMIPROP,EQ,INE0AJG01018,142.94,1978160.0,2.03,2020-10-22 to 2026-07-03,1412.0
Heritage Foods Ltd.,Fast Moving Consumer Goods,HERITGFOOD,EQ,INE978A01027,336.1,193858.0,0.43,2018-07-05 to 2026-07-03,1978.0
Hero MotoCorp Ltd.,Automobile and Auto Components,HEROMOTOCO,EQ,INE158A01026,4852.6,507590.0,-0.3,2018-07-05 to 2026-07-03,1978.0
Hexaware Technologies Ltd.,Information Technology,HEXT,EQ,INE093A01041,546.6,1336532.0,-1.54,2025-02-19 to 2026-07-03,336.0
Himadri Speciality Chemical Ltd.,Chemicals,HSCL,EQ,INE019C01026,680.65,7010858.0,2.72,2018-07-05 to 2026-07-03,1978.0
Hindustan Construction Co. Ltd.,Construction,HCC,EQ,INE549A01026,24.83,22478383.0,-2.89,2018-07-05 to 2026-07-03,1978.0
Hindustan Copper Ltd.,Metals & Mining,HINDCOPPER,EQ,INE531E01026,499.2,4213231.0,0.86,2018-07-05 to 2026-07-03,1978.0
Hindustan Petroleum Corporation Ltd.,Oil Gas & Consumable Fuels,HINDPETRO,EQ,INE094A01015,399.25,2558215.0,-0.08,2018-07-05 to 2026-07-03,1978.0
Hitachi Energy India Ltd.,Capital Goods,POWERINDIA,EQ,INE07Y701011,31040.0,684714.0,-8.1,2020-03-30 to 2026-07-03,1553.0
Home First Finance Company India Ltd.,Financial Services,HOMEFIRST,EQ,INE481N01025,1205.2,170924.0,0.34,2018-07-05 to 2026-07-03,1358.0
Honasa Consumer Ltd.,Fast Moving Consumer Goods,HONASA,EQ,INE0J5401028,461.75,1219898.0,-1.65,2023-11-07 to 2026-07-03,658.0
Honeywell Automation India Ltd.,Capital Goods,HONAUT,EQ,INE671A01010,39515.0,2550.0,-0.08,2018-07-05 to 2026-07-03,1978.0
Housing & Urban Development Corporation Ltd.,Financial Services,HUDCO,EQ,INE031A01017,215.56,7505306.0,4.22,2018-07-05 to 2026-07-03,1978.0
ICICI Lombard General Insurance Company Ltd.,Financial Services,ICICIGI,EQ,INE765G01017,1772.8,408344.0,0.67,2018-07-05 to 2026-07-03,1978.0
ICICI Prudential Asset Management Company Ltd.,Financial Services,ICICIAMC,EQ,INE346A01027,3334.8,127669.0,-0.76,2025-12-19 to 2026-07-03,131.0
ICICI Prudential Life Insurance Company Ltd.,Financial Services,ICICIPRULI,EQ,INE726G01019,485.25,2883216.0,-2.16,2018-07-05 to 2026-07-03,1978.0
IDBI Bank Ltd.,Financial Services,IDBI,EQ,INE008A01015,83.84,5781460.0,-0.68,2018-07-05 to 2026-07-03,1978.0
IDFC First Bank Ltd.,Financial Services,IDFCFIRSTB,EQ,INE092T01019,80.46,24932753.0,1.18,2018-07-05 to 2026-07-03,1978.0
IFB Industries Ltd.,Consumer Durables,IFBIND,EQ,INE559A01017,1282.8,37580.0,-0.58,2018-07-05 to 2026-07-03,1978.0
IFCI Ltd.,Financial Services,IFCI,EQ,INE039A01010,75.91,16688755.0,-1.17,2018-07-05 to 2026-07-03,1978.0
IIFL Capital Services Ltd.,Financial Services,IIFLCAPS,EQ,INE489L01022,340.15,347188.0,0.46,2019-09-20 to 2026-07-03,1683.0
IIFL Finance Ltd.,Financial Services,IIFL,EQ,INE530B01024,519.55,1297722.0,0.16,2018-07-05 to 2026-07-03,1978.0
INOX India Ltd.,Capital Goods,INOXINDIA,EQ,INE616N01034,1871.0,365674.0,-1.89,2023-12-21 to 2026-07-03,627.0
IRB Infrastructure Developers Ltd.,Construction,IRB,EQ,INE821I01022,21.3,10450595.0,-0.56,2018-07-05 to 2026-07-03,1978.0
IRCON International Ltd.,Construction,IRCON,EQ,INE962Y01021,134.14,1085764.0,-0.3,2018-09-28 to 2026-07-03,1921.0
ITC Hotels Ltd.,Consumer Services,ITCHOTELS,EQ,INE379A01028,178.62,1891219.0,0.93,2025-01-29 to 2026-07-03,352.0
ITI Ltd.,Telecommunication,ITI,EQ,INE248A01017,297.95,262814.0,-0.58,2018-07-05 to 2026-07-03,1978.0
Indegene Ltd.,Healthcare,INDGN,EQ,INE065X01017,508.3,390353.0,-1.2,2024-05-13 to 2026-07-03,532.0
India Cements Ltd.,Construction Materials,INDIACEM,EQ,INE383A01012,385.3,267766.0,0.67,2018-07-05 to 2026-07-03,1978.0
India Glycols Ltd.,Fast Moving Consumer Goods,INDIAGLYCO,EQ,INE560A01023,1075.75,377415.0,0.04,2018-07-05 to 2026-07-03,1978.0
India Shelter Finance Corporation Ltd.,Financial Services,INDIASHLTR,EQ,INE922K01024,789.85,98881.0,2.25,2023-12-20 to 2026-07-03,628.0
Indiamart Intermesh Ltd.,Consumer Services,INDIAMART,EQ,INE933S01016,1879.2,72996.0,-0.93,2019-07-04 to 2026-07-03,1735.0
Indian Bank,Financial Services,INDIANB,EQ,INE562A01011,798.95,5028431.0,-1.98,2018-07-05 to 2026-07-03,1978.0
Indian Energy Exchange Ltd.,Financial Services,IEX,EQ,INE022Q01020,123.94,2383738.0,0.36,2018-07-05 to 2026-07-03,1978.0
Indian Metals & Ferro Alloys Ltd.,Metals & Mining,IMFA,EQ,INE919H01018,1374.5,163644.0,1.19,2018-07-05 to 2026-07-03,1978.0
Indian Overseas Bank,Financial Services,IOB,EQ,INE565A01014,34.37,2728852.0,-0.26,2018-07-05 to 2026-07-03,1978.0
Indian Railway Catering And Tourism Corporation Ltd.,Consumer Services,IRCTC,EQ,INE335Y01020,509.95,595781.0,0.74,2019-10-14 to 2026-07-03,1669.0
Indian Renewable Energy Development Agency Ltd.,Financial Services,IREDA,EQ,INE202E01016,128.49,3308660.0,-0.07,2023-11-29 to 2026-07-03,643.0
Indigo Paints Ltd.,Consumer Durables,INDIGOPNTS,EQ,INE09VQ01012,1065.9,106816.0,-1.04,2018-07-24 to 2026-07-03,1362.0
Indo Count Industries Ltd.,Textiles,ICIL,EQ,INE483B01026,426.5,1289118.0,-3.3,2018-07-05 to 2026-07-03,1978.0
Indraprastha Gas Ltd.,Oil Gas & Consumable Fuels,IGL,EQ,INE203G01027,153.99,2141769.0,-1.16,2018-07-05 to 2026-07-03,1978.0
Indus Towers Ltd.,Telecommunication,INDUSTOWER,EQ,INE121J01017,383.3,6828283.0,-0.12,2018-07-05 to 2026-07-03,1978.0
IndusInd Bank Ltd.,Financial Services,INDUSINDBK,EQ,INE095A01012,974.35,3819865.0,3.27,2018-07-05 to 2026-07-03,1978.0
Info Edge (India) Ltd.,Consumer Services,NAUKRI,EQ,INE663F01032,1034.65,2016558.0,0.83,2018-07-05 to 2026-07-03,1978.0
Inox Green Energy Services Ltd.,Services,INOXGREEN,EQ,INE510W01014,199.94,736144.0,-0.04,2022-11-23 to 2026-07-03,895.0
Inox Wind Ltd.,Capital Goods,INOXWIND,EQ,INE066P01011,88.0,7728023.0,-2.18,2018-07-05 to 2026-07-03,1978.0
Intellect Design Arena Ltd.,Information Technology,INTELLECT,EQ,INE306R01017,787.0,1475847.0,4.18,2018-07-05 to 2026-07-03,1978.0
International Gemological Institute Ltd.,Services,IGIL,EQ,INE0Q9301021,359.5,473987.0,-0.51,2024-12-20 to 2026-07-03,379.0
Inventurus Knowledge Solutions Ltd.,Information Technology,IKS,EQ,INE115Q01022,1861.2,450539.0,1.29,2024-12-19 to 2026-07-03,380.0
Ion Exchange (India) Ltd.,Utilities,IONEXCHANG,EQ,INE570A01022,418.35,688765.0,0.35,2022-02-22 to 2026-07-03,1080.0
Ipca Laboratories Ltd.,Healthcare,IPCALAB,EQ,INE571A01038,1778.9,571448.0,3.46,2018-07-05 to 2026-07-03,1978.0
J.B. Chemicals & Pharmaceuticals Ltd.,Healthcare,JBCHEPHARM,EQ,INE572A01036,2364.6,108305.0,1.87,2018-07-05 to 2026-07-03,1978.0
J.K. Cement Ltd.,Construction Materials,JKCEMENT,EQ,INE823G01014,5495.5,92631.0,-0.65,2018-07-05 to 2026-07-03,1978.0
JBM Auto Ltd.,Automobile and Auto Components,JBMA,EQ,INE927D01051,703.55,815382.0,-1.23,2018-07-05 to 2026-07-03,1978.0
JK Lakshmi Cement Ltd.,Construction Materials,JKLAKSHMI,EQ,INE786A01032,579.45,314868.0,1.39,2018-07-05 to 2026-07-03,1978.0
JK Paper Ltd.,Forest Materials,JKPAPER,EQ,INE789E01012,348.95,135412.0,0.27,2018-07-05 to 2026-07-03,1978.0
JK Tyre & Industries Ltd.,Automobile and Auto Components,JKTYRE,EQ,INE573A01042,412.55,1221964.0,-0.95,2018-07-05 to 2026-07-03,1978.0
JM Financial Ltd.,Financial Services,JMFINANCIL,EQ,INE780C01023,130.66,4097898.0,1.08,2018-07-05 to 2026-07-03,1978.0
JSW Cement Ltd.,Construction Materials,JSWCEMENT,EQ,INE718I01012,136.57,1792515.0,0.24,2025-08-14 to 2026-07-03,217.0
JSW Dulux Ltd.,Consumer Durables,JSWDULUX,EQ,INE133A01011,3276.6,43198.0,0.52,2018-07-05 to 2026-07-03,1978.0
JSW Energy Ltd.,Power,JSWENERGY,EQ,INE121E01018,550.2,3196718.0,-2.68,2018-07-05 to 2026-07-03,1978.0
JSW Infrastructure Ltd.,Services,JSWINFRA,EQ,INE880J01026,326.05,2404621.0,-0.44,2023-10-03 to 2026-07-03,682.0
Jai Balaji Industries Ltd.,Metals & Mining,JAIBALAJI,BE,INE091G01026,,,,,
Jain Resource Recycling Ltd.,Metals & Mining,JAINREC,EQ,INE0YD401026,364.3,1452220.0,1.72,2025-10-01 to 2026-07-03,185.0
Jaiprakash Power Ventures Ltd.,Power,JPPOWER,EQ,INE351F01018,17.8,33531079.0,-0.34,2018-07-05 to 2026-07-03,1978.0
Jammu & Kashmir Bank Ltd.,Financial Services,J&KBANK,EQ,INE168A01041,165.2,4551951.0,0.3,2018-07-05 to 2026-07-03,1978.0
Jamna Auto Industries Ltd.,Automobile and Auto Components,JAMNAAUTO,EQ,INE039C01032,138.75,2063467.0,-0.51,2018-07-05 to 2026-07-03,1978.0
Jana Small Finance Bank Ltd.,Financial Services,JSFB,EQ,INE953L01027,469.3,257361.0,-2.05,2024-02-14 to 2026-07-03,590.0
Jayaswal Neco Industries Ltd.,Capital Goods,JAYNECOIND,EQ,INE854B01010,90.99,3731995.0,0.74,2018-07-05 to 2026-07-03,1934.0
Jeena Sikho Lifecare Ltd.,Consumer Services,JSLL,EQ,INE0J5801029,576.05,577309.0,0.29,2022-04-19 to 2026-07-03,1031.0
Jindal Saw Ltd.,Capital Goods,JINDALSAW,EQ,INE324A01032,260.95,1161008.0,-0.74,2018-07-05 to 2026-07-03,1978.0
Jindal Stainless Ltd.,Metals & Mining,JSL,EQ,INE220G01021,698.15,477461.0,0.97,2018-07-05 to 2026-07-03,1978.0
Jubilant Foodworks Ltd.,Consumer Services,JUBLFOOD,EQ,INE797F01020,429.6,1160020.0,-0.46,2018-07-05 to 2026-07-03,1978.0
Jubilant Ingrevia Ltd.,Chemicals,JUBLINGREA,EQ,INE0BY001018,678.95,346421.0,1.21,2021-03-19 to 2026-07-03,1310.0
Jubilant Pharmova Ltd.,Healthcare,JUBLPHARMA,EQ,INE700A01033,969.2,82496.0,-0.41,2018-07-05 to 2026-07-03,1978.0
Jupiter Life Line Hospitals Ltd.,Healthcare,JLHL,EQ,INE682M01012,1456.3,12782.0,0.2,2023-09-18 to 2026-07-03,691.0
Jupiter Wagons Ltd.,Capital Goods,JWL,EQ,INE209L01016,262.3,1466371.0,-1.56,2018-07-05 to 2026-07-03,1921.0
Justdial Ltd.,Consumer Services,JUSTDIAL,EQ,INE599M01018,549.85,66685.0,-1.01,2018-07-05 to 2026-07-03,1978.0
Jyothy Labs Ltd.,Fast Moving Consumer Goods,JYOTHYLAB,EQ,INE668F01031,192.13,595572.0,-0.92,2018-07-05 to 2026-07-03,1978.0
Jyoti CNC Automation Ltd.,Capital Goods,JYOTICNC,EQ,INE980O01024,770.35,1379531.0,-1.21,2024-01-16 to 2026-07-03,610.0
K.P.R. Mill Ltd.,Textiles,KPRMILL,EQ,INE930H01031,1184.5,351422.0,0.31,2018-07-05 to 2026-07-03,1978.0
KEI Industries Ltd.,Capital Goods,KEI,EQ,INE878B01027,5270.5,227732.0,-0.11,2018-07-05 to 2026-07-03,1978.0
KNR Constructions Ltd.,Construction,KNRCON,EQ,INE634I01029,131.4,601802.0,-0.55,2018-07-05 to 2026-07-03,1978.0
KPI Green Energy Ltd.,Power,KPIGREEN,EQ,INE542W01025,404.3,479163.0,0.43,2021-07-27 to 2026-07-03,1224.0
KPIT Technologies Ltd.,Information Technology,KPITTECH,EQ,INE04I401011,558.65,4156593.0,-0.03,2019-04-22 to 2026-07-03,1785.0
KRBL Ltd.,Fast Moving Consumer Goods,KRBL,EQ,INE001B01026,375.5,191020.0,-1.18,2018-07-05 to 2026-07-03,1978.0
KRN Heat Exchanger and Refrigeration Ltd.,Capital Goods,KRN,BE,INE0Q3J01015,,,,,
KSB Ltd.,Capital Goods,KSB,EQ,INE999A01023,936.1,141867.0,-1.07,2018-07-05 to 2026-07-03,1978.0
Kajaria Ceramics Ltd.,Consumer Durables,KAJARIACER,EQ,INE217B01036,1202.3,276456.0,-0.14,2018-07-05 to 2026-07-03,1978.0
Kalpataru Projects International Ltd.,Construction,KPIL,EQ,INE220B01022,1384.0,127800.0,1.01,2018-07-05 to 2026-07-03,1978.0
Kalyan Jewellers India Ltd.,Consumer Durables,KALYANKJIL,EQ,INE303R01014,382.05,4960043.0,-1.56,,
Kansai Nerolac Paints Ltd.,Consumer Durables,KANSAINER,EQ,INE531A01024,211.83,345026.0,-0.34,,
Karnataka Bank Ltd.,Financial Services,KTKBANK,EQ,INE614B01018,263.4,1580396.0,-1.55,,
Karur Vysya Bank Ltd.,Financial Services,KARURVYSYA,EQ,INE036D01028,291.8,1904516.0,-0.73,,
Kaveri Seed Company Ltd.,Fast Moving Consumer Goods,KSCL,EQ,INE455I01029,919.2,96113.0,0.55,,
Kaynes Technology India Ltd.,Capital Goods,KAYNES,EQ,INE918Z01012,3333.8,2592315.0,5.55,,
Kec International Ltd.,Construction,KEC,EQ,INE389H01022,511.0,875862.0,-0.83,2018-07-05 to 2026-07-03,1978.0
Kfin Technologies Ltd.,Financial Services,KFINTECH,EQ,INE138Y01010,880.05,626956.0,1.27,2022-12-29 to 2026-07-03,869.0
Kirloskar Brothers Ltd.,Capital Goods,KIRLOSBROS,EQ,INE732A01036,1852.5,274175.0,-3.42,2018-07-05 to 2026-07-03,1978.0
Kirloskar Oil Eng Ltd.,Capital Goods,KIRLOSENG,EQ,INE146L01010,2230.8,534975.0,-3.9,2018-07-05 to 2026-07-03,1978.0
Kirloskar Pneumatic Company Ltd.,Capital Goods,KIRLPNU,EQ,INE811A01020,1825.9,169744.0,-2.02,2023-04-26 to 2026-07-03,791.0
Kitex Garments Ltd.,Textiles,KITEX,EQ,INE602G01020,159.88,394128.0,-0.96,2018-07-05 to 2026-07-03,1978.0
Krishna Institute of Medical Sciences Ltd.,Healthcare,KIMS,EQ,INE967H01025,850.65,561178.0,1.52,2021-06-28 to 2026-07-03,1244.0
L&T Finance Ltd.,Financial Services,LTF,EQ,INE498L01015,327.0,8797473.0,3.73,2018-07-05 to 2026-07-03,1978.0
L&T Technology Services Ltd.,Information Technology,LTTS,EQ,INE010V01017,3206.2,167400.0,1.24,2018-07-05 to 2026-07-03,1978.0
LG Electronics India Ltd.,Consumer Durables,LGEINDIA,EQ,INE324D01010,1547.5,514394.0,-1.3,2025-10-14 to 2026-07-03,177.0
LIC Housing Finance Ltd.,Financial Services,LICHSGFIN,EQ,INE115A01026,553.7,986542.0,0.14,2018-07-05 to 2026-07-03,1978.0
LT Foods Ltd.,Fast Moving Consumer Goods,LTFOODS,EQ,INE818H01020,379.15,289966.0,-0.13,2018-07-05 to 2026-07-03,1978.0
Latent View Analytics Ltd.,Information Technology,LATENTVIEW,EQ,INE0I7C01011,280.85,717298.0,0.68,2019-02-22 to 2026-07-03,1160.0
Laurus Labs Ltd.,Healthcare,LAURUSLABS,EQ,INE947Q01028,1542.3,3334092.0,0.94,2018-07-05 to 2026-07-03,1978.0
Laxmi Organic Industries Ltd.,Chemicals,LXCHEM,EQ,INE576O01020,161.48,475608.0,-0.63,2021-03-25 to 2026-07-03,1306.0
Le Travenues Technology Ltd.,Consumer Services,IXIGO,EQ,INE0HV901016,222.23,1123651.0,2.38,2024-06-18 to 2026-07-03,507.0
Leela Palaces Hotels & Resorts Ltd.,Consumer Services,THELEELA,EQ,INE0AQ201015,475.7,234769.0,-0.12,2025-06-02 to 2026-07-03,270.0
Lemon Tree Hotels Ltd.,Consumer Services,LEMONTREE,EQ,INE970X01018,118.95,2526341.0,-0.03,2018-07-05 to 2026-07-03,1978.0
Lenskart Solutions Ltd.,Consumer Services,LENSKART,EQ,INE956O01016,533.0,6966727.0,0.49,2025-11-10 to 2026-07-03,160.0
Life Insurance Corporation of India,Financial Services,LICI,EQ,INE0J1Y01017,430.25,1622268.0,-0.43,2022-05-17 to 2026-07-03,1025.0
Linde India Ltd.,Chemicals,LINDEINDIA,EQ,INE473A01011,7178.5,10906.0,-0.17,2018-07-05 to 2026-07-03,1978.0
Lloyds Engineering Works Ltd.,Capital Goods,LLOYDSENGG,EQ,INE093R01011,83.94,6462606.0,0.8,2018-07-05 to 2026-07-03,1978.0
Lloyds Enterprises Ltd.,Metals & Mining,LLOYDSENT,EQ,INE080I01025,75.35,3149148.0,2.25,2024-10-17 to 2026-07-03,423.0
Lloyds Metals And Energy Ltd.,Metals & Mining,LLOYDSME,EQ,INE281B01032,1777.0,475569.0,-1.93,2023-07-17 to 2026-07-03,735.0
Lumax Auto Technologies Ltd.,Automobile and Auto Components,LUMAXTECH,EQ,INE872H01027,1524.5,63627.0,0.11,2018-07-05 to 2026-07-03,1978.0
Lupin Ltd.,Healthcare,LUPIN,EQ,INE326A01037,2476.0,939595.0,3.18,2018-07-05 to 2026-07-03,1978.0
MMTC Ltd.,Services,MMTC,EQ,INE123F01029,67.14,1914669.0,-0.9,2018-07-05 to 2026-07-03,1978.0
MOIL Ltd.,Metals & Mining,MOIL,EQ,INE490G01020,282.2,457090.0,1.84,2018-07-05 to 2026-07-03,1978.0
MRF Ltd.,Automobile and Auto Components,MRF,EQ,INE883A01011,134655.0,15955.0,1.96,2018-07-05 to 2026-07-03,1978.0
MSTC Ltd.,Services,MSTCLTD,EQ,INE255X01014,715.7,906836.0,2.96,2019-03-29 to 2026-07-03,1799.0
MTAR Technologies Ltd.,Capital Goods,MTARTECH,BE,INE864I01014,,,,,
Mahanagar Gas Ltd.,Oil Gas & Consumable Fuels,MGL,EQ,INE002S01010,1128.6,103516.0,-1.29,2018-07-05 to 2026-07-03,1978.0
Maharashtra Scooters Ltd.,Financial Services,MAHSCOOTER,EQ,INE288A01013,13014.0,2835.0,-0.21,2018-07-05 to 2026-07-03,1975.0
Maharashtra Seamless Ltd.,Capital Goods,MAHSEAMLES,EQ,INE271B01025,610.05,83284.0,0.83,2018-07-05 to 2026-07-03,1978.0
Mahindra & Mahindra Financial Services Ltd.,Financial Services,M&MFIN,EQ,INE774D01024,334.05,10224451.0,5.05,2018-07-05 to 2026-07-03,1978.0
Manappuram Finance Ltd.,Financial Services,MANAPPURAM,EQ,INE522D01027,328.2,5432673.0,1.58,2018-07-05 to 2026-07-03,1978.0
Mangalore Refinery & Petrochemicals Ltd.,Oil Gas & Consumable Fuels,MRPL,EQ,INE103A01014,150.19,2107641.0,0.13,2018-07-05 to 2026-07-03,1978.0
Mankind Pharma Ltd.,Healthcare,MANKIND,EQ,INE634S01028,2528.6,392427.0,1.68,2023-05-09 to 2026-07-03,783.0
Manorama Industries Ltd.,Fast Moving Consumer Goods,MANORAMA,EQ,INE00VM01036,1562.4,137008.0,-1.19,2022-07-01 to 2026-07-03,992.0
Marico Ltd.,Fast Moving Consumer Goods,MARICO,EQ,INE196A01026,838.55,5349026.0,-2.04,2018-07-05 to 2026-07-03,1978.0
Marksans Pharma Ltd.,Healthcare,MARKSANS,EQ,INE750C01026,264.45,1305331.0,-1.03,2018-07-05 to 2026-07-03,1978.0
Mastek Ltd.,Information Technology,MASTEK,EQ,INE759A01021,1621.3,46041.0,0.49,2018-07-05 to 2026-07-03,1978.0
Max Financial Services Ltd.,Financial Services,MFSL,EQ,INE180A01020,1596.6,396091.0,-1.34,2018-07-05 to 2026-07-03,1978.0
Medplus Health Services Ltd.,Consumer Services,MEDPLUS,EQ,INE804L01022,822.0,79307.0,0.62,2021-12-23 to 2026-07-03,1122.0
Meesho Ltd.,Consumer Services,MEESHO,EQ,INE0VDM01015,186.68,11966546.0,-2.24,2025-12-10 to 2026-07-03,138.0
Metropolis Healthcare Ltd.,Healthcare,METROPOLIS,EQ,INE112L01020,556.0,294637.0,2.15,2019-04-15 to 2026-07-03,1788.0
Minda Corporation Ltd.,Automobile and Auto Components,MINDACORP,EQ,INE842C01021,703.15,247294.0,-0.83,2018-07-05 to 2026-07-03,1978.0
Mishra Dhatu Nigam Ltd.,Capital Goods,MIDHANI,EQ,INE099Z01011,427.85,390443.0,-0.49,2018-07-05 to 2026-07-03,1978.0
Motherson Sumi Wiring India Ltd.,Automobile and Auto Components,MSUMI,EQ,INE0FS801015,41.3,10495027.0,-0.41,2022-03-28 to 2026-07-03,1058.0
Motilal Oswal Financial Services Ltd.,Financial Services,MOTILALOFS,EQ,INE338I01027,968.35,877060.0,1.2,2018-07-05 to 2026-07-03,1978.0
MphasiS Ltd.,Information Technology,MPHASIS,EQ,INE356A01018,2296.6,1356520.0,2.28,2018-07-05 to 2026-07-03,1978.0
Mrs. Bectors Food Specialities Ltd.,Fast Moving Consumer Goods,BECTORFOOD,EQ,INE495P01020,176.61,1079569.0,-1.98,2020-12-24 to 2026-07-03,1368.0
Multi Commodity Exchange of India Ltd.,Financial Services,MCX,EQ,INE745G01043,2814.0,3916977.0,-3.74,2018-07-05 to 2026-07-03,1978.0
NATCO Pharma Ltd.,Healthcare,NATCOPHARM,EQ,INE987B01026,931.4,214064.0,-0.33,2018-07-05 to 2026-07-03,1978.0
NBCC (India) Ltd.,Construction,NBCC,EQ,INE095N01031,102.36,7486749.0,-0.68,2018-07-05 to 2026-07-03,1978.0
NCC Ltd.,Construction,NCC,EQ,INE868B01028,149.51,1234166.0,-0.71,2018-07-05 to 2026-07-03,1978.0
NEOGEN CHEMICALS LTD.,Chemicals,NEOGEN,EQ,INE136S01016,1968.3,48618.0,-0.12,2019-05-08 to 2026-07-03,1775.0
NESCO Ltd.,Services,NESCO,EQ,INE317F01035,1125.1,134823.0,0.76,2018-07-05 to 2026-07-03,1978.0
NHPC Ltd.,Power,NHPC,EQ,INE848E01016,80.53,15591709.0,-0.07,2018-07-05 to 2026-07-03,1978.0
NLC India Ltd.,Power,NLCINDIA,EQ,INE589A01014,313.5,1794819.0,-0.48,2018-07-05 to 2026-07-03,1978.0
NMDC Ltd.,Metals & Mining,NMDC,EQ,INE584A01023,85.4,13887336.0,-0.2,2018-07-05 to 2026-07-03,1978.0
NMDC Steel Ltd.,Metals & Mining,NSLNISP,EQ,INE0NNS01018,44.46,5538020.0,1.21,2023-02-20 to 2026-07-03,833.0
NTPC Green Energy Ltd.,Power,NTPCGREEN,EQ,INE0ONG01011,95.44,2443468.0,-1.07,2024-11-27 to 2026-07-03,396.0
Narayana Hrudayalaya Ltd.,Healthcare,NH,EQ,INE410P01011,2002.8,700460.0,0.84,2018-07-05 to 2026-07-03,1978.0
National Aluminium Co. Ltd.,Metals & Mining,NATIONALUM,EQ,INE139A01034,347.6,12212575.0,4.62,2018-07-05 to 2026-07-03,1978.0
National Fertilizers Ltd.,Chemicals,NFL,EQ,INE870D01012,75.63,1206085.0,0.44,2018-07-05 to 2026-07-03,1978.0
Nava Ltd.,Power,NAVA,EQ,INE725A01030,622.35,140346.0,0.36,2018-07-05 to 2026-07-03,1978.0
Navin Fluorine International Ltd.,Chemicals,NAVINFLUOR,EQ,INE048G01026,7552.5,273873.0,-1.23,2018-07-05 to 2026-07-03,1978.0
Nazara Technologies Ltd.,Media Entertainment & Publication,NAZARA,EQ,INE418L01047,305.65,1946918.0,0.13,2021-03-30 to 2026-07-03,1304.0
Netweb Technologies India Ltd.,Information Technology,NETWEB,EQ,INE0NT901020,4427.4,726747.0,-0.17,2023-07-27 to 2026-07-03,727.0
Network18 Media & Investments Ltd.,Media Entertainment & Publication,NETWORK18,EQ,INE870H01013,32.96,2144583.0,-0.45,2018-07-05 to 2026-07-03,1978.0
Neuland Laboratories Ltd.,Healthcare,NEULANDLAB,EQ,INE794A01010,18944.0,75135.0,-0.23,2018-07-05 to 2026-07-03,1978.0
Newgen Software Technologies Ltd.,Information Technology,NEWGEN,EQ,INE619B01017,481.9,585100.0,0.21,2018-07-05 to 2026-07-03,1978.0
Nippon Life India Asset Management Ltd.,Financial Services,NAM-INDIA,EQ,INE298J01013,1218.2,379083.0,0.41,2018-07-05 to 2026-07-03,1978.0
Niva Bupa Health Insurance Company Ltd.,Financial Services,NIVABUPA,EQ,INE995S01015,86.62,632941.0,0.39,2024-11-14 to 2026-07-03,403.0
Nuvama Wealth Management Ltd.,Financial Services,NUVAMA,EQ,INE531F01023,1887.5,1946356.0,3.76,2023-09-26 to 2026-07-03,686.0
Nuvoco Vistas Corporation Ltd.,Construction Materials,NUVOCO,EQ,INE118D01016,322.35,284264.0,2.07,2021-08-23 to 2026-07-03,1206.0
Oberoi Realty Ltd.,Realty,OBEROIRLTY,EQ,INE093I01010,1934.4,900582.0,3.74,2018-07-05 to 2026-07-03,1978.0
Oil India Ltd.,Oil Gas & Consumable Fuels,OIL,EQ,INE274J01014,422.1,4754936.0,0.45,2018-07-05 to 2026-07-03,1978.0
Ola Electric Mobility Ltd.,Automobile and Auto Components,OLAELEC,EQ,INE0LXG01040,44.48,96502895.0,-2.26,2024-08-09 to 2026-07-03,470.0
Olectra Greentech Ltd.,Automobile and Auto Components,OLECTRA,EQ,INE260D01016,1490.0,1554913.0,-3.11,2018-07-05 to 2026-07-03,1978.0
One 97 Communications Ltd.,Financial Services,PAYTM,EQ,INE982J01020,1221.4,2741643.0,0.66,2021-11-18 to 2026-07-03,1146.0
Onesource Specialty Pharma Ltd.,Healthcare,ONESOURCE,EQ,INE013P01021,1669.0,352191.0,-1.1,2025-01-24 to 2026-07-03,355.0
Optiemus Infracom Ltd.,Telecommunication,OPTIEMUS,EQ,INE350C01017,521.55,360371.0,3.37,2018-07-05 to 2026-07-03,1977.0
Oracle Financial Services Software Ltd.,Information Technology,OFSS,EQ,INE881D01027,11248.0,307902.0,2.38,2018-07-05 to 2026-07-03,1978.0
Orient Cement Ltd.,Construction Materials,ORIENTCEM,EQ,INE876N01018,142.29,745862.0,4.3,2018-07-05 to 2026-07-03,1978.0
Orkla India Ltd.,Fast Moving Consumer Goods,ORKLAINDIA,EQ,INE16NZ01023,607.8,30450.0,-1.79,2025-11-06 to 2026-07-03,162.0
Oswal Pumps Ltd.,Capital Goods,OSWALPUMPS,EQ,INE0BYP01024,409.45,434335.0,-2.03,2025-06-20 to 2026-07-03,256.0
P N Gadgil Jewellers Ltd.,Consumer Durables,PNGJL,EQ,INE953R01016,569.35,265437.0,1.62,2024-09-17 to 2026-07-03,444.0
PB Fintech Ltd.,Financial Services,POLICYBZR,EQ,INE417T01026,1591.2,23208962.0,-5.4,2021-11-15 to 2026-07-03,1149.0
PC Jeweller Ltd.,Consumer Durables,PCJEWELLER,EQ,INE785M01021,10.3,990529628.0,4.57,2018-07-05 to 2026-07-03,1978.0
PCBL Chemical Ltd.,Chemicals,PCBL,EQ,INE602A01031,321.15,1138388.0,0.86,2018-07-05 to 2026-07-03,1978.0
PG Electroplast Ltd.,Consumer Durables,PGEL,EQ,INE457L01029,562.5,902066.0,0.25,2018-07-05 to 2026-07-03,1978.0
PI Industries Ltd.,Chemicals,PIIND,EQ,INE603J01030,2646.1,358617.0,1.44,2018-07-05 to 2026-07-03,1978.0
PNB Housing Finance Ltd.,Financial Services,PNBHOUSING,EQ,INE572E01012,1064.4,1243362.0,0.83,2018-07-05 to 2026-07-03,1978.0
PNC Infratech Ltd.,Construction,PNCINFRA,EQ,INE195J01029,236.0,268640.0,0.04,2018-07-05 to 2026-07-03,1978.0
PTC India Ltd.,Power,PTC,EQ,INE877F01012,177.66,473876.0,0.21,2018-07-05 to 2026-07-03,1978.0
PTC Industries Ltd.,Capital Goods,PTCIL,EQ,INE596F01018,17763.0,24384.0,1.58,2023-06-09 to 2026-07-03,760.0
PVR INOX Ltd.,Media Entertainment & Publication,PVRINOX,EQ,INE191H01014,1001.25,279066.0,1.61,2018-07-05 to 2026-07-03,1978.0
Page Industries Ltd.,Textiles,PAGEIND,EQ,INE761H01022,42800.0,26184.0,-0.2,2018-07-05 to 2026-07-03,1978.0
Paradeep Phosphates Ltd.,Chemicals,PARADEEP,EQ,INE088F01024,146.59,17698878.0,4.46,2022-05-27 to 2026-07-03,1017.0
Paras Defence and Space Technologies Ltd.,Capital Goods,PARAS,EQ,INE045601023,1294.0,1961674.0,-3.71,2021-10-01 to 2026-07-03,1178.0
Park Medi World Ltd.,Healthcare,PARKHOSPS,EQ,INE119201023,294.8,1701148.0,2.38,2025-12-17 to 2026-07-03,133.0
Patanjali Foods Ltd.,Fast Moving Consumer Goods,PATANJALI,EQ,INE619A01035,413.95,1312796.0,0.12,2020-01-27 to 2026-07-03,1597.0
Pearl Global Industries Ltd.,Textiles,PGIL,EQ,INE940H01022,2016.3,66693.0,-2.83,2018-07-05 to 2026-07-03,1978.0
Persistent Systems Ltd.,Information Technology,PERSISTENT,EQ,INE262H01021,4682.7,1551490.0,2.23,2018-07-05 to 2026-07-03,1978.0
Petronet LNG Ltd.,Oil Gas & Consumable Fuels,PETRONET,EQ,INE347G01014,275.95,1780255.0,0.27,2018-07-05 to 2026-07-03,1978.0
Pfizer Ltd.,Healthcare,PFIZER,EQ,INE182A01018,4568.6,33131.0,2.91,2018-07-05 to 2026-07-03,1978.0
Phoenix Mills Ltd.,Realty,PHOENIXLTD,EQ,INE211B01039,2047.6,802256.0,1.74,2018-07-05 to 2026-07-03,1978.0
Physicswallah Ltd.,Consumer Services,PWL,EQ,INE0LP301011,130.16,3441975.0,-2.38,2025-11-18 to 2026-07-03,154.0
Piccadily Agro Industries Ltd.,Fast Moving Consumer Goods,PICCADIL,EQ,INE546C01010,647.35,771374.0,3.71,2025-07-02 to 2026-07-03,248.0
Pine Labs Ltd.,Financial Services,PINELABS,EQ,INE15B701018,156.12,8559757.0,-2.33,2025-11-14 to 2026-07-03,156.0
Piramal Finance Ltd.,Financial Services,PIRAMALFIN,EQ,INE202B01038,2137.7,642059.0,-2.0,2025-11-07 to 2026-07-03,161.0
Piramal Pharma Ltd.,Healthcare,PPLPHARMA,EQ,INE0DK501011,175.95,33416572.0,4.55,2022-10-19 to 2026-07-03,918.0
Poly Medicure Ltd.,Healthcare,POLYMED,EQ,INE205C01021,1677.8,300502.0,-3.15,2018-07-05 to 2026-07-03,1978.0
Polycab India Ltd.,Capital Goods,POLYCAB,EQ,INE455K01017,9548.5,229401.0,-0.9,2019-04-16 to 2026-07-03,1787.0
Poonawalla Fincorp Ltd.,Financial Services,POONAWALLA,EQ,INE511C01022,460.95,1697203.0,0.89,2018-07-05 to 2026-07-03,1978.0
Power Mech Projects Ltd.,Construction,POWERMECH,EQ,INE211R01019,2631.3,102791.0,-3.95,2018-07-05 to 2026-07-03,1978.0
Praj Industries Ltd.,Capital Goods,PRAJIND,EQ,INE074A01025,353.7,451660.0,-1.72,2018-07-05 to 2026-07-03,1978.0
Premier Energies Ltd.,Capital Goods,PREMIERENE,EQ,INE0BS701011,1046.8,867457.0,-0.31,2024-09-03 to 2026-07-03,454.0
Prestige Estates Projects Ltd.,Realty,PRESTIGE,EQ,INE811K01011,1668.0,1047148.0,-0.36,2018-07-05 to 2026-07-03,1978.0
Pricol Ltd.,Automobile and Auto Components,PRICOLLTD,EQ,INE726V01018,621.7,778098.0,0.22,2018-07-05 to 2026-07-03,1978.0
Prime Focus Ltd.,Media Entertainment & Publication,PFOCUS,BE,INE367G01038,,,,,
Prism Johnson Ltd.,Construction Materials,PRSMJOHNSN,EQ,INE010A01011,115.99,105316.0,0.06,2018-07-05 to 2026-07-03,1978.0
Privi Speciality Chemicals Ltd.,Chemicals,PRIVISCL,EQ,INE959A01019,3694.9,38884.0,-1.49,2018-07-05 to 2026-07-03,1978.0
Prudent Corporate Advisory Services Ltd.,Financial Services,PRUDENT,EQ,INE00F201020,3003.0,22852.0,-0.02,2022-05-20 to 2026-07-03,1022.0
Puravankara Ltd.,Realty,PURVA,EQ,INE323I01011,221.57,389266.0,2.96,2018-07-05 to 2026-07-03,1978.0
Quality Power Electrical Equipments Ltd.,Capital Goods,QPOWER,BE,INE0SII01026,,,,,
Quess Corp Ltd.,Services,QUESS,EQ,INE615P01015,290.85,890319.0,2.57,2018-07-05 to 2026-07-03,1978.0
R R Kabel Ltd.,Capital Goods,RRKABEL,EQ,INE777K01022,2343.3,391383.0,-2.1,2023-09-20 to 2026-07-03,690.0
RBL Bank Ltd.,Financial Services,RBLBANK,EQ,INE976G01028,361.1,5511328.0,1.58,2018-07-05 to 2026-07-03,1978.0
RHI MAGNESITA INDIA LTD.,Capital Goods,RHIM,EQ,INE743M01012,384.3,5297455.0,-4.69,2018-07-05 to 2026-07-03,1978.0
RITES Ltd.,Construction,RITES,EQ,INE320J01015,218.17,2161239.0,-3.01,2018-07-05 to 2026-07-03,1978.0
Radico Khaitan Ltd,Fast Moving Consumer Goods,RADICO,EQ,INE944F01028,3892.3,203961.0,-2.02,2018-07-05 to 2026-07-03,1978.0
Rail Vikas Nigam Ltd.,Construction,RVNL,EQ,INE415G01027,235.77,2468195.0,-0.46,2019-04-11 to 2026-07-03,1790.0
Railtel Corporation Of India Ltd.,Telecommunication,RAILTEL,EQ,INE0DD101019,314.5,379482.0,-0.36,2021-02-26 to 2026-07-03,1324.0
Rain Industries Ltd,Chemicals,RAIN,EQ,INE855B01025,187.74,2460254.0,-0.59,2018-07-05 to 2026-07-03,1978.0
Rainbow Childrens Medicare Ltd.,Healthcare,RAINBOW,EQ,INE961O01016,1440.0,74400.0,1.35,2019-04-01 to 2026-07-03,1069.0
Rallis India Ltd.,Chemicals,RALLIS,EQ,INE613A01020,228.14,389463.0,0.38,2018-07-05 to 2026-07-03,1978.0
Ramkrishna Forgings Ltd.,Automobile and Auto Components,RKFORGE,EQ,INE399G01023,577.35,174049.0,0.42,2018-07-05 to 2026-07-03,1978.0
Rashtriya Chemicals & Fertilizers Ltd.,Chemicals,RCF,EQ,INE027A01015,132.98,2013661.0,0.19,2018-07-05 to 2026-07-03,1978.0
Rategain Travel Technologies Ltd.,Information Technology,RATEGAIN,EQ,INE0CLI01024,941.05,582494.0,-0.44,,
Ratnamani Metals & Tubes Ltd.,Capital Goods,RATNAMANI,EQ,INE703B01027,2512.5,20310.0,1.12,2018-07-05 to 2026-07-03,1978.0
RattanIndia Enterprises Ltd.,Consumer Services,RTNINDIA,EQ,INE834M01019,33.59,1359234.0,-1.64,2018-07-05 to 2026-07-03,1953.0
RattanIndia Power Ltd.,Power,RTNPOWER,EQ,INE399K01017,9.16,8654992.0,-0.65,2018-07-05 to 2026-07-03,1978.0
Raymond Lifestyle Ltd.,Textiles,RAYMONDLSL,EQ,INE02ID01020,774.0,63390.0,-0.88,2024-09-05 to 2026-07-03,452.0
Redington Ltd.,Services,REDINGTON,EQ,INE891D01026,275.0,1619971.0,0.66,2018-07-05 to 2026-07-03,1978.0
Redtape Ltd.,Consumer Durables,REDTAPE,EQ,INE0LXT01019,139.18,447199.0,1.28,2023-08-11 to 2026-07-03,716.0
Refex Industries Ltd.,Utilities,REFEX,EQ,INE056I01025,358.4,596166.0,-1.66,2018-07-05 to 2026-07-03,1952.0
Relaxo Footwears Ltd.,Consumer Durables,RELAXO,EQ,INE131B01039,397.15,228843.0,-2.05,2018-07-05 to 2026-07-03,1978.0
Reliance Power Ltd.,Power,RPOWER,EQ,INE614G01033,25.7,52124005.0,-3.02,2018-07-05 to 2026-07-03,1978.0
Religare Enterprises Ltd.,Financial Services,RELIGARE,EQ,INE621H01010,262.85,428230.0,0.08,2018-07-05 to 2026-07-03,1978.0
Restaurant Brands Asia Ltd.,Consumer Services,RBA,EQ,INE07T201019,75.72,2573274.0,-2.37,2020-12-14 to 2026-07-03,1376.0
Route Mobile Ltd.,Telecommunication,ROUTE,EQ,INE450U01017,553.45,404221.0,1.9,2020-09-21 to 2026-07-03,1434.0
Rubicon Research Ltd.,Healthcare,RUBICON,EQ,INE506V01022,1307.0,326207.0,-4.89,2025-10-16 to 2026-07-03,175.0
SBFC Finance Ltd.,Financial Services,SBFC,EQ,INE423Y01016,91.25,672351.0,0.14,2023-08-16 to 2026-07-03,714.0
SBI Cards and Payment Services Ltd.,Financial Services,SBICARD,EQ,INE018E01016,603.8,432436.0,-0.12,2020-03-16 to 2026-07-03,1563.0
SJVN Ltd.,Power,SJVN,EQ,INE002L01015,72.55,1781989.0,-0.01,2018-07-05 to 2026-07-03,1978.0
SKF India (Industrial) Ltd.,Capital Goods,SKFINDUS,EQ,INE2J8701016,2825.8,40551.0,0.31,2025-12-05 to 2026-07-03,141.0
SKF India Ltd.,Automobile and Auto Components,SKFINDIA,EQ,INE640A01023,1632.5,72846.0,-0.33,2018-07-05 to 2026-07-03,1978.0
SKY GOLD AND DIAMONDS Ltd.,Consumer Durables,SKYGOLD,EQ,INE01IU01018,560.0,1236337.0,-1.56,2023-01-06 to 2026-07-03,863.0
SML Mahindra Ltd.,Capital Goods,SMLMAH,EQ,INE294B01019,3957.6,58847.0,-1.22,2018-07-05 to 2026-07-03,1978.0
SRF Ltd.,Chemicals,SRF,EQ,INE647A01010,2794.5,509097.0,-0.18,2018-07-05 to 2026-07-03,1978.0
Saatvik Green Energy Ltd.,Capital Goods,SAATVIKGL,EQ,INE13B501022,440.2,235245.0,-2.96,2025-09-26 to 2026-07-03,188.0
Safari Industries (India) Ltd.,Consumer Durables,SAFARI,EQ,INE429E01023,1617.5,40573.0,-1.37,2019-09-12 to 2026-07-03,1689.0
Sagility Ltd.,Information Technology,SAGILITY,EQ,INE0W2G01015,40.98,16047590.0,-0.65,2024-11-12 to 2026-07-03,405.0
Sai Life Sciences Ltd.,Healthcare,SAILIFE,EQ,INE570L01029,1257.3,293656.0,1.56,2024-12-18 to 2026-07-03,381.0
Samhi Hotels Ltd.,Consumer Services,SAMHI,EQ,INE08U801020,177.95,585137.0,1.33,2023-09-22 to 2026-07-03,688.0
Sammaan Capital Ltd.,Financial Services,SAMMAANCAP,EQ,INE148I01020,175.64,8037164.0,0.98,2018-07-05 to 2026-07-03,1978.0
Sandur Manganese & Iron Ores Ltd.,Metals & Mining,SANDUMA,EQ,INE149K01016,209.73,838163.0,1.29,2023-09-07 to 2026-07-03,698.0
Sanofi Consumer Healthcare India Ltd.,Healthcare,SANOFICONR,EQ,INE0UOS01011,4624.7,21849.0,0.18,2024-09-13 to 2026-07-03,446.0
Sansera Engineering Ltd.,Automobile and Auto Components,SANSERA,EQ,INE953O01021,3251.5,201846.0,0.98,2021-09-24 to 2026-07-03,1183.0
Sapphire Foods India Ltd.,Consumer Services,SAPPHIRE,EQ,INE806T01020,186.24,220560.0,0.73,2021-11-18 to 2026-07-03,1146.0
Sarda Energy and Minerals Ltd.,Metals & Mining,SARDAEN,EQ,INE385C01021,508.0,637850.0,1.51,2018-07-05 to 2026-07-03,1978.0
Saregama India Ltd,Media Entertainment & Publication,SAREGAMA,EQ,INE979A01025,485.75,233968.0,-1.73,2018-07-05 to 2026-07-03,1978.0
Schaeffler India Ltd.,Automobile and Auto Components,SCHAEFFLER,EQ,INE513A01022,4162.1,48965.0,1.34,2018-07-05 to 2026-07-03,1978.0
Schneider Electric Infrastructure Ltd.,Capital Goods,SCHNEIDER,EQ,INE839M01018,1481.6,962692.0,1.91,2018-07-05 to 2026-07-03,1978.0
Senco Gold Ltd.,Consumer Durables,SENCO,EQ,INE602W01027,326.05,681032.0,-1.73,2023-07-14 to 2026-07-03,736.0
Seshaasai Technologies Ltd.,Financial Services,STYL,EQ,INE04VU01023,325.65,90626.0,0.11,2025-09-30 to 2026-07-03,186.0
Shaily Engineering Plastics Ltd.,Consumer Durables,SHAILY,EQ,INE151G01028,2901.6,282937.0,-1.32,2022-04-04 to 2026-07-03,1053.0
Shakti Pumps (India) Ltd.,Capital Goods,SHAKTIPUMP,EQ,INE908D01010,574.1,678061.0,-0.06,2018-07-05 to 2026-07-03,1978.0
Sharda Cropchem Ltd.,Chemicals,SHARDACROP,EQ,INE221J01015,910.65,323780.0,2.23,2018-07-05 to 2026-07-03,1978.0
Share India Securities Ltd.,Financial Services,SHAREINDIA,EQ,INE932X01026,138.62,249972.0,-0.27,2020-09-21 to 2026-07-03,1434.0
Sheela Foam Ltd.,Consumer Durables,SFL,EQ,INE916U01025,766.55,170185.0,0.47,2018-07-05 to 2026-07-03,1978.0
Shilpa Medicare Ltd.,Healthcare,SHILPAMED,EQ,INE790G01031,608.95,1296612.0,1.35,2018-07-05 to 2026-07-03,1978.0
Shipping Corporation of India Ltd.,Services,SCI,EQ,INE109A01011,301.75,1932084.0,-0.59,2018-07-05 to 2026-07-03,1978.0
Shree Renuka Sugars Ltd.,Fast Moving Consumer Goods,RENUKA,EQ,INE087H01022,22.99,3248557.0,-0.73,2018-07-05 to 2026-07-03,1978.0
Shriram Pistons & Rings Ltd.,Automobile and Auto Components,SHRIPISTON,EQ,INE526E01018,4197.5,45339.0,-2.53,2018-07-05 to 2026-07-03,1907.0
Shyam Metalics and Energy Ltd.,Capital Goods,SHYAMMETL,EQ,INE810G01011,955.1,430357.0,-0.75,2021-06-24 to 2026-07-03,1246.0
Signatureglobal (India) Ltd.,Realty,SIGNATURE,EQ,INE903U01023,757.65,224719.0,-0.77,2023-09-27 to 2026-07-03,685.0
Skipper Ltd.,Capital Goods,SKIPPER,EQ,INE439E01022,574.95,746610.0,1.57,2018-07-05 to 2026-07-03,1978.0
Smartworks Coworking Spaces Ltd.,Services,SMARTWORKS,EQ,INE0NAZ01010,474.55,84284.0,-1.36,2025-07-17 to 2026-07-03,237.0
Sobha Ltd.,Realty,SOBHA,EQ,INE671H01015,1442.9,248930.0,0.58,2018-07-05 to 2026-07-03,1978.0
Sona BLW Precision Forgings Ltd.,Automobile and Auto Components,SONACOMS,EQ,INE073K01018,660.1,1237326.0,-0.33,2021-06-24 to 2026-07-03,1246.0
Sonata Software Ltd.,Information Technology,SONATSOFTW,EQ,INE269A01021,278.0,2074624.0,1.57,2018-07-05 to 2026-07-03,1978.0
South Indian Bank Ltd.,Financial Services,SOUTHBANK,EQ,INE683A01023,46.1,16497948.0,1.23,2018-07-05 to 2026-07-03,1978.0
Sri Lotus Developers and Realty Ltd.,Realty,LOTUSDEV,EQ,INE0V9Q01010,148.73,286523.0,-0.88,2025-08-06 to 2026-07-03,223.0
Star Cement Ltd.,Construction Materials,STARCEMENT,EQ,INE460H01021,209.69,192108.0,0.63,2018-07-05 to 2026-07-03,1978.0
Star Health and Allied Insurance Company Ltd.,Financial Services,STARHEALTH,EQ,INE575P01011,580.3,475816.0,-1.39,2021-12-10 to 2026-07-03,1131.0
Steel Authority of India Ltd.,Metals & Mining,SAIL,EQ,INE114A01011,169.88,17112122.0,1.05,2018-07-05 to 2026-07-03,1978.0
Sterling and Wilson Renewable Energy Ltd.,Construction,SWSOLAR,EQ,INE00M201021,246.9,1885136.0,-0.03,2019-08-20 to 2026-07-03,1704.0
Sterlite Technologies Ltd.,Telecommunication,STLTECH,BE,INE089C01029,,,,,
Strides Pharma Science Ltd.,Healthcare,STAR,EQ,INE939A01011,1126.8,96579.0,0.04,2018-07-05 to 2026-07-03,1978.0
Styrenix Performance Materials Ltd.,Chemicals,STYRENIX,EQ,INE189B01011,2295.7,14095.0,-1.95,2018-07-05 to 2026-07-03,1978.0
Subros Ltd.,Capital Goods,SUBROS,EQ,INE287B01021,848.1,68151.0,-0.07,2018-07-05 to 2026-07-03,1978.0
Sudarshan Chemical Industries Ltd.,Chemicals,SUDARSCHEM,EQ,INE659A01023,910.35,274790.0,1.52,2018-07-05 to 2026-07-03,1978.0
Sudeep Pharma Ltd.,Chemicals,SUDEEPPHRM,EQ,INE0QPI01025,868.05,391301.0,1.27,2025-11-28 to 2026-07-03,146.0
Sumitomo Chemical India Ltd.,Chemicals,SUMICHEM,EQ,INE258G01013,502.3,29488311.0,13.85,2020-01-27 to 2026-07-03,1597.0
Sun Pharma Advanced Research Company Ltd.,Healthcare,SPARC,EQ,INE232I01014,239.37,974651.0,0.02,2018-07-05 to 2026-07-03,1978.0
Sun TV Network Ltd.,Media Entertainment & Publication,SUNTV,EQ,INE424H01027,515.3,233809.0,0.08,2018-07-05 to 2026-07-03,1978.0
Sundaram Finance Ltd.,Financial Services,SUNDARMFIN,EQ,INE660A01013,4575.4,32759.0,-0.3,2018-07-05 to 2026-07-03,1978.0
Sunteck Realty Ltd.,Realty,SUNTECK,EQ,INE805D01034,330.95,213338.0,0.15,2018-07-05 to 2026-07-03,1978.0
Supreme Industries Ltd.,Capital Goods,SUPREMEIND,EQ,INE195A01028,3228.7,117412.0,-1.43,2018-07-05 to 2026-07-03,1978.0
Supreme Petrochem Ltd.,Chemicals,SPLPETRO,EQ,INE663A01033,725.0,24948.0,1.96,2022-05-24 to 2026-07-03,1020.0
Supriya Lifescience Ltd.,Healthcare,SUPRIYA,EQ,INE07RO01027,978.9,193627.0,-1.62,2021-12-28 to 2026-07-03,1119.0
Surya Roshni Ltd.,Capital Goods,SURYAROSNI,EQ,INE335A01020,263.3,1051049.0,2.19,2018-07-05 to 2026-07-03,1978.0
Suzlon Energy Ltd.,Capital Goods,SUZLON,EQ,INE040H01021,56.87,71029555.0,-1.39,2018-07-05 to 2026-07-03,1978.0
Swan Corp Ltd.,Chemicals,SWANCORP,EQ,INE665A01038,310.9,419737.0,-0.48,2018-07-05 to 2026-07-03,1978.0
Swiggy Ltd.,Consumer Services,SWIGGY,EQ,INE00H001014,248.27,10043808.0,-0.29,2024-11-13 to 2026-07-03,404.0
Syngene International Ltd.,Healthcare,SYNGENE,EQ,INE398R01022,440.0,1028791.0,0.02,2018-07-05 to 2026-07-03,1978.0
Syrma SGS Technology Ltd.,Capital Goods,SYRMA,EQ,INE0DYJ01015,1376.0,1229753.0,-1.59,2022-08-26 to 2026-07-03,954.0
TARC Ltd.,Realty,TARC,EQ,INE0EK901012,126.85,176907.0,-0.02,2018-08-06 to 2026-07-03,1375.0
TBO Tek Ltd.,Consumer Services,TBOTEK,EQ,INE673O01025,1522.1,103977.0,-0.28,2024-05-15 to 2026-07-03,530.0
TD Power Systems Ltd.,Capital Goods,TDPOWERSYS,EQ,INE419M01027,1091.8,2496289.0,-8.33,2018-07-05 to 2026-07-03,1978.0
TSF Investments Ltd.,Financial Services,TSFINV,EQ,INE202Z01029,455.5,109498.0,0.77,2018-07-05 to 2026-07-03,1978.0
TVS Supply Chain Solutions Ltd.,Services,TVSSCS,EQ,INE395N01027,136.41,601617.0,-0.58,2023-08-23 to 2026-07-03,709.0
Tamilnad Mercantile Bank Ltd.,Financial Services,TMB,EQ,INE668A01016,778.65,870192.0,4.36,2022-09-15 to 2026-07-03,941.0
Tanla Platforms Ltd.,Information Technology,TANLA,EQ,INE483C01032,539.05,393553.0,1.11,2018-07-05 to 2026-07-03,1978.0
Tata Chemicals Ltd.,Chemicals,TATACHEM,EQ,INE092A01019,693.1,800926.0,0.63,2018-07-05 to 2026-07-03,1978.0
Tata Communications Ltd.,Telecommunication,TATACOMM,EQ,INE151A01013,1906.7,452279.0,-1.62,2018-07-05 to 2026-07-03,1978.0
Tata Elxsi Ltd.,Information Technology,TATAELXSI,EQ,INE670A01012,3678.9,310095.0,0.21,2018-07-05 to 2026-07-03,1978.0
Tata Investment Corporation Ltd.,Financial Services,TATAINVEST,EQ,INE672A01026,667.3,181406.0,-0.04,2018-07-05 to 2026-07-03,1978.0
Tata Technologies Ltd.,Information Technology,TATATECH,EQ,INE142M01025,715.4,890436.0,0.42,2023-11-30 to 2026-07-03,642.0
Tata Teleservices (Maharashtra) Ltd.,Telecommunication,TTML,EQ,INE517B01013,42.77,1203192.0,-0.7,2018-07-05 to 2026-07-03,1978.0
Techno Electric & Engineering Company Ltd.,Construction,TECHNOE,EQ,INE285K01026,1081.8,147862.0,-0.41,2018-12-18 to 2026-07-03,1869.0
Tega Industries Ltd.,Capital Goods,TEGA,EQ,INE011K01018,1643.8,42827.0,-1.6,2021-12-13 to 2026-07-03,1130.0
Tejas Networks Ltd.,Telecommunication,TEJASNET,EQ,INE010J01012,593.6,1615315.0,-1.46,2018-07-05 to 2026-07-03,1978.0
Tenneco Clean Air India Ltd.,Automobile and Auto Components,TENNIND,EQ,INE19RI01016,607.0,502488.0,0.18,2025-11-19 to 2026-07-03,153.0
Texmaco Rail & Eng. Ltd.,Capital Goods,TEXRAIL,EQ,INE621L01012,113.2,1632208.0,0.7,2018-07-05 to 2026-07-03,1978.0
Thangamayil Jewellery Ltd.,Consumer Durables,THANGAMAYL,EQ,INE085J01014,6159.5,272660.0,-2.47,2018-07-05 to 2026-07-03,1978.0
The Anup Engineering Ltd.,Capital Goods,ANUP,EQ,INE294Z01018,2313.4,38753.0,2.02,2019-03-01 to 2026-07-03,1817.0
The New India Assurance Company Ltd.,Financial Services,NIACL,EQ,INE470Y01017,185.82,1805304.0,-0.99,2018-07-05 to 2026-07-03,1978.0
The Ramco Cements Ltd.,Construction Materials,RAMCOCEM,EQ,INE331A01037,947.55,129912.0,0.47,2018-07-05 to 2026-07-03,1978.0
Thermax Ltd.,Capital Goods,THERMAX,EQ,INE152A01029,4607.5,272897.0,-6.29,2018-07-05 to 2026-07-03,1978.0
Thomas Cook (India) Ltd.,Consumer Services,THOMASCOOK,EQ,INE332A01027,104.17,1740742.0,-2.13,2018-07-05 to 2026-07-03,1977.0
Thyrocare Technologies Ltd.,Healthcare,THYROCARE,EQ,INE594H01019,555.6,230637.0,-0.29,2018-07-05 to 2026-07-03,1978.0
Tilaknagar Industries Ltd.,Fast Moving Consumer Goods,TI,EQ,INE133E01013,451.75,316572.0,-0.58,2018-07-05 to 2026-07-03,1978.0
Time Technoplast Ltd.,Capital Goods,TIMETECHNO,EQ,INE508G01029,181.04,3761081.0,-1.44,2018-07-05 to 2026-07-03,1978.0
Timken India Ltd.,Capital Goods,TIMKEN,EQ,INE325A01013,3401.2,51040.0,-2.66,2018-07-05 to 2026-07-03,1978.0
Tips Music Ltd.,Media Entertainment & Publication,TIPSMUSIC,EQ,INE716B01029,684.65,136771.0,1.12,2018-07-05 to 2026-07-03,1978.0
Titagarh Rail Systems Ltd.,Capital Goods,TITAGARH,EQ,INE615H01020,877.25,443801.0,-0.72,2018-07-05 to 2026-07-03,1978.0
Torrent Power Ltd.,Power,TORNTPOWER,EQ,INE813H01021,1366.5,441175.0,-1.99,2018-07-05 to 2026-07-03,1978.0
Transformers And Rectifiers (India) Ltd.,Capital Goods,TARIL,EQ,INE763I01026,336.75,5869517.0,-5.74,2018-07-05 to 2026-07-03,1978.0
Transrail Lighting Ltd.,Capital Goods,TRANSRAILL,EQ,INE454P01035,518.75,395294.0,-0.73,2024-12-27 to 2026-07-03,375.0
Travel Food Services Ltd.,Consumer Services,TRAVELFOOD,EQ,INE103V01028,1310.8,21156.0,-2.16,2025-07-14 to 2026-07-03,240.0
Trident Ltd.,Textiles,TRIDENT,EQ,INE064C01022,26.73,7481734.0,-0.26,2018-07-05 to 2026-07-03,1978.0
Triveni Engineering & Industries Ltd.,Fast Moving Consumer Goods,TRIVENI,EQ,INE256C01024,458.65,874572.0,-2.06,2018-07-05 to 2026-07-03,1978.0
Triveni Turbine Ltd.,Capital Goods,TRITURBINE,EQ,INE152M01016,657.9,580912.0,-1.04,2018-07-05 to 2026-07-03,1978.0
Tube Investments of India Ltd.,Automobile and Auto Components,TIINDIA,EQ,INE974X01010,2975.8,601938.0,-3.71,2018-07-05 to 2026-07-03,1978.0
UCO Bank,Financial Services,UCOBANK,EQ,INE691A01018,26.96,6948881.0,-0.7,2018-07-05 to 2026-07-03,1978.0
UNO Minda Ltd.,Automobile and Auto Components,UNOMINDA,EQ,INE405E01023,1126.1,588681.0,0.45,2018-07-05 to 2026-07-03,1978.0
UPL Ltd.,Chemicals,UPL,EQ,INE628A01036,607.4,3200516.0,3.17,2018-07-05 to 2026-07-03,1978.0
UTI Asset Management Company Ltd.,Financial Services,UTIAMC,EQ,INE094J01016,976.35,318425.0,3.33,2020-10-12 to 2026-07-03,1420.0
Ujjivan Small Finance Bank Ltd.,Financial Services,UJJIVANSFB,EQ,INE551W01018,59.6,29374513.0,-2.93,2019-12-12 to 2026-07-03,1628.0
United Breweries Ltd.,Fast Moving Consumer Goods,UBL,EQ,INE686F01025,1345.0,59127.0,-0.9,2018-07-05 to 2026-07-03,1978.0
Urban Company Ltd.,Consumer Services,URBANCO,EQ,INE0CAZ01013,131.9,1009627.0,0.01,2025-09-17 to 2026-07-03,195.0
Usha Martin Ltd.,Capital Goods,USHAMART,EQ,INE228A01035,514.1,903864.0,2.33,2018-07-05 to 2026-07-03,1978.0
V-Guard Industries Ltd.,Consumer Durables,VGUARD,EQ,INE951I01027,302.9,276200.0,-2.71,2018-07-05 to 2026-07-03,1978.0
V-Mart Retail Ltd.,Consumer Services,VMART,EQ,INE665J01013,797.9,79705.0,0.99,2018-07-05 to 2026-07-03,1978.0
V.I.P. Industries Ltd.,Consumer Durables,VIPIND,EQ,INE054A01027,308.35,331969.0,-1.78,2018-07-05 to 2026-07-03,1978.0
V2 Retail Ltd.,Consumer Services,V2RETAIL,EQ,INE945H01021,230.37,1319175.0,0.25,2018-07-05 to 2026-07-03,1978.0
Va Tech Wabag Ltd.,Utilities,WABAG,EQ,INE956G01038,2080.9,1100309.0,-4.99,2018-07-05 to 2026-07-03,1978.0
Vaibhav Global Ltd.,Consumer Durables,VAIBHAVGBL,EQ,INE884A01027,236.12,249710.0,-0.16,2018-07-05 to 2026-07-03,1978.0
Valor Estate Ltd.,Realty,DBREALTY,BE,INE879I01012,,,,,
Vardhman Textiles Ltd.,Textiles,VTL,EQ,INE825A01020,666.25,510399.0,1.31,2018-07-05 to 2026-07-03,1978.0
Varroc Engineering Ltd.,Automobile and Auto Components,VARROC,EQ,INE665L01035,667.55,163884.0,1.71,2018-07-06 to 2026-07-03,1977.0
Vedant Fashions Ltd.,Consumer Services,MANYAVAR,EQ,INE825V01034,401.1,169751.0,-1.61,2022-02-16 to 2026-07-03,1084.0
Vijaya Diagnostic Centre Ltd.,Healthcare,VIJAYA,EQ,INE043W01024,1365.2,150321.0,-2.33,2021-09-14 to 2026-07-03,1191.0
Vikram Solar Ltd.,Capital Goods,VIKRAMSOLR,BE,INE078V01014,188.87,2538664.0,-1.61,2025-08-26 to 2026-07-03,210.0
Vishal Mega Mart Ltd.,Consumer Services,VMM,EQ,INE01EA01019,120.57,11004944.0,-0.72,2024-12-18 to 2026-07-03,381.0
Viyash Scientific Ltd.,Healthcare,VIYASH,EQ,INE807F01027,294.15,1556970.0,0.58,2018-07-05 to 2026-07-03,1978.0
Vodafone Idea Ltd.,Telecommunication,IDEA,EQ,INE669E01016,14.25,310548314.0,-1.59,2018-07-05 to 2026-07-03,1978.0
Voltamp Transformers Ltd,Capital Goods,VOLTAMP,EQ,INE540H01012,9702.0,41206.0,-1.57,2018-07-05 to 2026-07-03,1978.0
Voltas Ltd.,Consumer Durables,VOLTAS,EQ,INE226A01021,1280.2,815500.0,-0.81,2018-07-05 to 2026-07-03,1978.0
Waaree Energies Ltd.,Capital Goods,WAAREEENER,EQ,INE377N01017,2859.2,770232.0,-0.71,2024-10-28 to 2026-07-03,416.0
Waaree Renewable Technologies Ltd.,Capital Goods,WAAREERTL,EQ,INE299N01021,1020.3,182997.0,-0.92,2025-04-09 to 2026-07-03,304.0
Wakefit Innovations Ltd.,Consumer Durables,WAKEFIT,EQ,INE0E7301029,125.99,289682.0,-0.63,2025-12-15 to 2026-07-03,135.0
WeWork India Management Ltd.,Services,WEWORK,EQ,INE085001019,739.65,319687.0,-0.34,2025-10-10 to 2026-07-03,179.0
Websol Energy System Ltd.,Capital Goods,WEBELSOLAR,EQ,INE855C01023,106.81,4227340.0,0.84,2018-07-05 to 2026-07-03,1978.0
Welspun Corp Ltd.,Capital Goods,WELCORP,EQ,INE191B01025,1439.3,1102212.0,-3.97,2018-07-05 to 2026-07-03,1978.0
Welspun Enterprises Ltd.,Construction,WELENT,EQ,INE625G01013,603.25,268636.0,-1.47,2018-07-05 to 2026-07-03,1978.0
Welspun Living Ltd.,Textiles,WELSPUNLIV,EQ,INE192B01031,170.93,2998363.0,2.46,2018-07-05 to 2026-07-03,1978.0
Westlife Foodworld Ltd.,Consumer Services,WESTLIFE,EQ,INE274F01020,507.8,56337.0,0.06,2019-08-20 to 2026-07-03,1704.0
Whirlpool of India Ltd.,Consumer Durables,WHIRLPOOL,EQ,INE716A01013,808.15,120651.0,-0.38,2018-07-05 to 2026-07-03,1978.0
Wockhardt Ltd.,Healthcare,WOCKPHARMA,EQ,INE049B01025,1938.5,640010.0,-0.59,2018-07-05 to 2026-07-03,1978.0
Yatharth Hospital & Trauma Care Services Ltd.,Healthcare,YATHARTH,EQ,INE0JO301016,865.55,470095.0,0.34,2023-08-07 to 2026-07-03,720.0
Yes Bank Ltd.,Financial Services,YESBANK,EQ,INE528G01035,24.39,86012503.0,0.58,2018-07-05 to 2026-07-03,1978.0
ZF Commercial Vehicle Control Systems India Ltd.,Automobile and Auto Components,ZFCVINDIA,EQ,INE342J01019,2416.4,68821.0,-0.69,2018-07-05 to 2026-07-03,1978.0
Zaggle Prepaid Ocean Services Ltd.,Information Technology,ZAGGLE,EQ,INE07K301024,212.95,785017.0,0.5,2023-09-22 to 2026-07-03,688.0
Zee Entertainment Enterprises Ltd.,Media Entertainment & Publication,ZEEL,EQ,INE256A01028,105.09,18164311.0,-1.93,2018-07-05 to 2026-07-03,1978.0
Zen Technologies Ltd.,Capital Goods,ZENTEC,EQ,INE251B01027,1746.7,494145.0,-1.49,2018-07-05 to 2026-07-03,1978.0
Zensar Technolgies Ltd.,Information Technology,ZENSARTECH,EQ,INE520A01027,516.1,60755207.0,10.43,2018-07-05 to 2026-07-03,1978.0
Zydus Wellness Ltd.,Fast Moving Consumer Goods,ZYDUSWELL,EQ,INE768C01028,598.3,707862.0,0.65,2018-07-05 to 2026-07-03,1978.0
eClerx Services Ltd.,Services,ECLERX,EQ,INE738I01010,1488.8,1311540.0,7.01,2018-07-05 to 2026-07-03,1978.0
