label,trades,win_rate,avg_win,avg_loss,profit_factor,expectancy,gross_pnl,costs,net_pnl
360ONE,100,30.0,8607.563344166665,-2998.7210639285713,1.2301763452769212,483.1642585,78353.80000000002,30037.37415,48316.42585
3MINDIA,115,26.08695652173913,6468.173990833335,-1938.4859108823525,1.1776639309707762,254.55580260869613,59602.00000000006,30328.0827,29273.917300000056
AADHARHFC,37,18.91891891891892,6427.461953571428,-2678.808363333332,0.5598538301686579,-956.0004655405401,-24337.449999999983,11034.567225,-35372.01722499998
AARTIDRUGS,112,23.214285714285715,23303.00300480769,-2734.861762790698,2.57603291966652,3309.642558258929,404818.2500000001,34138.283475000004,370679.96652500005
AARTIIND,91,34.065934065934066,8232.175219354838,-3545.2247895833334,1.1997237925496635,466.85653214285713,69820.15,27336.205575000004,42483.944425
AARTIPHARM,56,33.92857142857143,7585.184539473683,-4106.088442567567,0.9486144339058323,-139.40653794642867,8950.949999999997,16757.716125,-7806.766125000006
AAVAS,116,34.48275862068966,7489.693245625,-2735.6458111842117,1.440955476535336,790.3331739224129,126388.54999999987,34709.90182499999,91678.6481749999
ABBOTINDIA,120,31.666666666666664,4769.996069078947,-1691.7100432926836,1.3066577171400464,354.4968922916661,75043.84999999995,32504.222925000002,42539.62707499993
ABCAPITAL,104,28.846153846153843,10438.886551500002,-2932.680964121621,1.4430417376338889,924.5019730769236,127511.98000000004,31363.7748,96148.20520000005
ABDL,24,41.66666666666667,13002.902522499997,-2755.979978571429,3.370048980140189,3810.221063541665,98779.74999999997,7334.444475,91445.30552499996
ABFRL,106,28.30188679245283,6660.181930833333,-3501.327097894738,0.7508636324793673,-625.4283161792456,-34571.81000000002,31723.591515,-66295.40151500003
ABLBL,14,14.285714285714285,727.9013300000029,-3467.249234166666,0.03498937634418186,-2867.9420107142846,-36007.65999999999,4143.52815,-40151.18814999999
ABREL,120,28.333333333333332,9919.321914705883,-3672.689626744186,1.0677712476238252,178.3803100000003,57300.90000000005,35895.2628,21405.637200000034
ABSLAMC,63,34.92063492063492,5617.866481818182,-2321.597651219512,1.2984441726497902,450.91363333333385,47318.10000000003,18910.541099999995,28407.558900000033
ACC,109,27.522935779816514,5013.036833333332,-2366.743022468354,0.8043479394870278,-335.6109520642202,-4223.750000000027,32357.843775000005,-36581.593775
ACE,108,28.703703703703702,14384.761079838712,-3390.8374084415577,1.7079165852393268,1711.4177131944448,217460.85000000006,32627.736974999996,184833.11302500003
ACI,46,43.47826086956522,5014.910852499999,-3395.042550961539,1.1362519540733758,261.45892880434735,25823.04999999997,13795.939275000002,12027.110724999979
ACMESOLAR,19,31.57894736842105,14370.753368333333,-4655.753999230768,1.424614660023938,1352.6167484210532,31440.900000000012,5741.18178,25699.71822000001
ACUTAAS,72,26.38888888888889,11164.425718421053,-3441.8726528301872,1.1628382857198303,412.5671951388903,51294.700000000084,21589.86195,29704.838050000104
ADVENZYMES,118,25.423728813559322,7683.671647499999,-3057.058859375,0.856847590016213,-326.36466271186436,-3164.2999999999874,35346.7302,-38511.030199999994
AEGISLOG,114,29.82456140350877,10966.997521323528,-3042.3022590624996,1.5320548550619035,1135.9099561403507,163876.3,34382.564999999995,129493.73499999997
AEGISVOPAK,18,27.77777777777778,8088.297425999997,-3018.7904161538445,1.0305066588054506,66.511762222223,6601.840000000011,5404.62828,1197.2117200000139
AETHER,67,28.35820895522388,5900.300032894737,-2464.6728828124997,0.9476046277680317,-92.51638432835773,13839.600000000033,20038.19775,-6198.597749999968
AFCONS,26,19.230769230769234,6092.195925000004,-2885.8695083333337,0.5026293930121014,-1159.3184634615382,-22390.59999999999,7751.680050000001,-30142.280049999994
AFFLE,84,28.57142857142857,14603.099584374999,-2668.212015833332,2.1891962854105027,2266.448441369049,215744.6500000001,25362.980925,190381.6690750001
AGARWALEYE,22,31.818181818181817,5399.712785714287,-1757.764084999999,1.4335632342076603,519.6149193181834,18044.050000000032,6612.521775,11431.528225000035
AHLUCONT,90,33.33333333333333,9673.685889166665,-3039.128003333333,1.5915232722275126,1198.4766274999997,134987.24999999994,27124.353525000002,107862.89647499997
AIAENG,133,28.57142857142857,4029.090798026316,-2313.256143157894,0.6966960074773364,-501.1570171052627,-27278.44999999993,39375.433275,-66653.88327499994
AIIL,29,27.586206896551722,14639.70229375,-3752.8616785714285,1.4860738079110494,1320.9490724137936,47060.900000000016,8753.3769,38307.52310000001
AJANTPHARM,132,27.27272727272727,5868.149658333332,-2271.4334476562503,0.9687962128697257,-51.54714602272753,32523.749999999993,39327.973275,-6804.223275000034
AKUMS,24,25.0,8692.916545833332,-2866.2364638888885,1.0109559644215869,23.55178854166623,7762.44999999999,7197.207075,565.2429249999896
ALIVUS,72,19.444444444444446,11645.725346428575,-2654.2432228448274,1.0590729321231263,126.30622118055584,30656.650000000027,21562.602075,9094.04792500002
ALKEM,119,28.57142857142857,5177.0730279411755,-1935.0433549999996,1.0701719968318077,96.98989726890746,46631.25,35089.452225,11541.797774999986
ALKYLAMINE,93,35.483870967741936,11726.769353787877,-3025.177893749999,2.1320145033151356,2209.384032795699,233451.2,27978.48495,205472.71505000003
ALOKINDS,83,22.89156626506024,38043.40808736843,-3785.7604473437505,2.983320506679694,5789.5913859036145,506192.7,25656.61497,480536.08503
AMBER,117,30.76923076923077,8901.299215972222,-2710.5313990740733,1.4595414708082597,862.3395594017097,135659.60000000003,34765.87154999999,100893.72845000004
ANANDRATHI,58,41.37931034482759,11974.749729166666,-2478.351954411764,3.4106392756924397,3502.2418456896557,220805.90000000002,17675.872949999997,203130.02705000003
ANANTRAJ,98,38.775510204081634,14180.56169802632,-3714.213801666667,2.4180143869800865,3224.5766982142854,345885.94999999995,29877.433575,316008.516425
ANGELONE,66,39.39393939393939,18015.85048076923,-3550.070251,3.298611572320685,4945.5954918181815,346711.55999999994,20302.25754,326409.30246
ANUP,92,31.521739130434785,14712.040412931037,-3277.3894440476192,2.066342494410578,2393.1917065217394,247994.80000000005,27821.163000000004,220173.63700000002
ANURAS,59,20.33898305084746,18725.375549999997,-2378.4733707446803,2.010090593294847,1913.8348843220338,130739.54999999996,17823.291825,112916.258175
APARINDS,109,35.77981651376147,10548.058434615386,-2733.093424285714,2.1502285144560354,2018.878341743119,252586.50000000006,32528.76075,220057.73924999998
APLAPOLLO,112,32.142857142857146,10555.757115277775,-2871.078036513157,1.741539384185589,1444.690405133929,195549.25,33743.924625,161805.32537500004
APLLTD,122,19.672131147540984,8578.396080208333,-2626.836224489796,0.7997573939046331,-422.52823012295124,-15116.150000000038,36432.294075,-51548.44407500005
APOLLO,103,32.038834951456316,18501.939902727274,-4203.608012214286,2.074965855916102,3070.985009077669,347721.0099999999,31409.554064999993,316311.4559349999
APOLLOTYRE,103,29.126213592233007,8988.648391666666,-2721.745776027398,1.3572043079855112,689.0486417475717,101972.69999999988,31000.6899,70972.01009999988
APTUS,78,24.358974358974358,4410.977544736842,-2993.551387288134,0.4745147519764533,-1189.8840833333322,-69548.29999999992,23262.6585,-92810.95849999992
ARE&M,105,26.666666666666668,7428.5329116071425,-2778.3446324675324,0.972264082562996,-56.51062071428579,25467.74999999998,31401.365175,-5933.615175000008
ARVIND,97,34.02061855670103,14848.09930378788,-3338.9029699218763,2.2929840347216683,2848.427700515464,305827.39999999997,29529.913050000003,276297.48695
ARVINDFASN,91,34.065934065934066,8690.013866935487,-3397.1069620833337,1.3216659198635292,720.4836500000002,92956.7,27392.68785,65564.01215000002
ASAHIINDIA,123,26.82926829268293,7478.095462878789,-2688.0911058333336,1.0200429332319276,39.422363821138454,41717.90000000006,36868.94925,4848.95075000003
ASHAPURMIN,91,26.373626373626376,24696.817568125,-5259.389255597014,1.6820624579210044,2641.148807802197,268005.83999999997,27661.298489999997,240344.54150999992
ASHOKA,103,33.00970873786408,9040.777454411766,-3181.0201847826097,1.4004550704873615,853.3596184466018,118953.99999999999,31057.959300000002,87896.04069999998
ASHOKLEY,116,27.586206896551722,8852.262912656246,-3182.3177036309526,1.059696406032983,137.56660431034416,50821.419999999904,34863.693900000006,15957.726099999923
ASKAUTOLTD,47,25.53191489361702,6214.621652083332,-2728.591382142856,0.7808891567700016,-445.21784148936104,-6865.399999999975,14059.83855,-20925.23854999997
ASTERDM,127,30.708661417322837,7515.657768589743,-2791.54726846591,1.1931744492889587,373.65742795275537,85630.19999999994,38175.70664999999,47454.49334999993
ASTRAL,105,30.476190476190478,9192.56631875,-2757.851272260275,1.461144098980428,884.1807554761897,124336.54999999993,31497.570675000003,92838.97932499992
ASTRAMICRO,104,32.69230769230769,15343.967530147058,-3120.0654421428576,2.3886627915759377,2916.253029567307,334937.44999999995,31647.134925000002,303290.31507499993
ATGL,110,28.18181818181818,21429.856237903223,-3869.1204582278483,2.173409741087782,3260.591156136364,392091.85000000003,33426.822825,358665.02717500005
ATHERENERG,17,47.05882352941176,15540.35155625,-1914.3674000000012,7.21577573237915,6299.617991176469,112347.99999999996,5254.4941499999995,107093.50584999997
ATUL,105,22.857142857142858,9803.678783333331,-2121.3961317901235,1.3692839682558764,604.3352773809521,94011.24999999997,30556.045875,63455.20412499997
AUBANK,113,25.663716814159294,12643.510348275862,-2607.9715681547623,1.6737227825111303,1306.125560840708,181675.05,34082.861625,147592.188375
AURIONPRO,84,25.0,29827.225060714285,-4599.876013888889,2.16145137902658,4006.8992547619046,362236.5999999999,25657.0626,336579.5374
AUROPHARMA,109,23.853211009174313,10272.965275000002,-2918.4417436746985,1.1026560053956442,228.13240756880813,57501.85000000008,32635.417575000003,24866.432425000086
AVALON,44,27.27272727272727,19051.912858333333,-3303.034949218749,2.1630008255180124,2793.7689982954557,136281.65000000002,13355.814074999998,122925.83592500005
AVANTIFEED,118,29.66101694915254,8944.367095714286,-3088.585187650603,1.2211808434291138,480.5108286016947,92140.25,35439.97222499999,56700.27777499997
AVL,23,21.73913043478261,12183.953,-3230.3251972222224,1.0477060921913322,120.60484565217303,9670.799999999977,6896.88855,2773.9114499999796
AWFIS,34,11.76470588235294,10316.958236250004,-3525.1625924999994,0.39022155585863255,-1896.6777891176457,-54398.51999999996,10088.52483,-64487.044829999955
AWL,60,21.666666666666668,8572.747086538464,-3438.178619255318,0.6896632278154537,-835.8113830000002,-32228.519999999993,17920.16298,-50148.68298000001
AXISCADES,88,36.36363636363637,17861.046979687497,-4314.165619642858,2.365767441414626,3749.5480528409084,356838.69999999995,26878.47135,329960.22864999995
AZAD,32,31.25,17980.677505,-3175.209884090909,2.5740141684792808,3436.004925,119665.79999999999,9713.6424,109952.1576
BAJAJELEC,110,30.909090909090907,7864.247700000002,-2742.420115460527,1.2828873506585208,536.0044820454541,91996.04999999992,33035.556975,58960.493024999945
BAJAJHFL,24,16.666666666666664,3587.894079999998,-2292.758332000002,0.3129762112232939,-1312.6495966666687,-24344.56000000005,7159.03032,-31503.590320000047
BALAMINES,100,26.0,19192.377934615386,-3740.518797297298,1.8027627418542327,2222.0343529999996,252316.7,30113.2647,222203.43529999995
BALKRISIND,112,30.357142857142854,7023.079012499999,-2420.2896099358977,1.2648660396203275,446.4472933035713,83378.60000000003,33376.503150000004,50002.09684999999
BALRAMCHIN,121,23.96694214876033,11250.128375000002,-2802.477141576087,1.2653934141322387,565.5026929752074,104819.60000000012,36393.77415,68425.8258500001
BALUFORGE,27,25.925925925925924,25929.811599999997,-3682.53100125,2.4644555760479494,3994.743006481481,116108.04999999999,8249.988825,107858.061175
BANCOINDIA,101,34.65346534653465,11739.353328571427,-4159.25059621212,1.49676353947246,1350.1666054455447,166881.00000000006,30514.17285,136366.82715000003
BANDHANBNK,111,28.82882882882883,7632.775536093749,-3064.561905886076,1.0088741145149998,19.35519450450463,35450.960000000014,33302.533410000004,2148.426590000014
BANKINDIA,102,30.392156862745097,11332.770243225801,-2941.630094999998,1.6820982895429641,1396.6680470098052,173306.6500000001,30846.509205,142460.14079500013
BATAINDIA,97,23.711340206185564,7158.193868478259,-2084.4820152027028,1.0673366447761603,107.08030773195864,39330.1,28943.31015,10386.789849999988
BAYERCROP,110,24.545454545454547,6685.589143518518,-2411.1746599397597,0.9019795369646048,-178.33263545454614,12592.199999999946,32208.789899999996,-19616.589900000075
BBOX,84,27.380952380952383,31146.395381521736,-4324.83481762295,2.715415349718528,5387.525832142857,478437.60000000003,25885.430099999998,452552.1699
BBTC,119,26.05042016806723,6236.156806451615,-2253.444484659091,0.9748755653243597,-41.867677731092165,30498.100000000006,35480.353650000005,-4982.253649999968
BDL,99,34.34343434343434,13066.940479411769,-3072.8616942307694,2.224315865836915,2470.1006684343442,274575.25000000006,30035.283825000002,244539.9661750001
BECTORFOOD,70,30.0,9852.369892857143,-3360.1365715306115,1.2566287559771738,603.6153677857138,63329.929999999986,21076.854255,42253.075744999966
BELRISE,16,56.25,6213.103317222221,-2923.5299135714254,2.73240771592203,2215.826278750001,40309.360000000015,4856.13954,35453.22046000002
BEML,96,33.33333333333333,14085.3219234375,-2988.49544375,2.356590831164706,2702.777011979167,288558.1,29091.506849999998,259466.59315000003
BERGEPAINT,114,31.57894736842105,5550.973484027777,-2160.086258974358,1.1860580804191796,274.98523881578996,65553.15000000008,34204.832775,31348.317225000057
BHARATFORG,127,23.62204724409449,9904.823514999996,-2706.0747175257734,1.13202619980385,272.8776208661413,72696.3999999999,38040.942149999995,34655.45784999994
BHARTIHEXA,34,20.588235294117645,9745.957735714284,-2786.236236111112,0.9068612885675535,-206.07865367647153,3130.0499999999756,10136.724225000002,-7006.6742250000325
BHEL,102,29.411764705882355,14004.650247666666,-3703.9572664583343,1.5754152968690625,1504.456708284313,184310.5099999999,30855.925755,153454.58424499992
BIKAJI,59,27.11864406779661,6475.882935937505,-2382.574270930232,1.0113560317021835,19.71920889830652,18841.150000000078,17677.716675000003,1163.4333250000846
BIOCON,123,29.268292682926827,4506.403670833333,-2537.146079022988,0.7349670465418763,-475.6193229674793,-21693.049999999977,36808.126725,-58501.176724999954
BIRLACORPN,118,28.8135593220339,8348.10909117647,-2448.7599485119044,1.3798806775478976,662.2023171610172,113524.35000000003,35384.476575,78139.87342500003
BLACKBUCK,23,21.73913043478261,9976.469344999996,-2525.4114055555556,1.0973425868853977,192.3887576086948,11327.549999999992,6902.608575,4424.94142499998
BLS,101,27.722772277227726,11984.410404464288,-4526.894118493152,1.0154335477736094,50.49723440593982,35427.849999999926,30327.629324999998,5100.220674999922
BLUEDART,100,32.0,8031.334555468749,-2516.002032720588,1.5021655413481254,859.1456755000003,115341.40000000002,29426.83245,85914.56755000002
BLUEJET,44,25.0,8432.582804545453,-3503.5626742424242,0.8022864712863391,-519.5263045454551,-9704.200000000023,13154.957400000005,-22859.157400000026
BLUESTARCO,103,33.980582524271846,7797.814834999998,-2598.5057378676465,1.5445727544812367,934.2245538834956,127181.89999999997,30956.77095,96225.12905000005
BORORENEW,115,20.869565217391305,27036.744531250002,-3623.091560989011,1.9680899216130419,2775.4829278260872,354148.00000000006,34967.463299999996,319180.53670000006
BRIGADE,114,28.947368421052634,10762.07251439394,-2916.2201172839505,1.5035038114692605,1043.2856445175441,153306.35000000003,34371.786524999996,118934.56347500003
BSE,102,24.509803921568626,32616.728902000003,-2728.9139370129865,3.880608656239019,5934.233817647059,636730.8,31438.9506,605291.8494000001
BSOFT,111,27.927927927927925,13217.641541935485,-2938.497036874999,1.7430121702443213,1573.5777013513514,208226.40000000002,33559.275149999994,174667.12485
CAMPUS,55,27.27272727272727,8471.561222333332,-3396.5587703749998,0.9353100220386467,-159.79877236363666,7699.379999999997,16488.31248,-8788.932480000016
CAMS,82,31.70731707317073,8253.095254807691,-2254.627125446429,1.6995245831115913,1077.089726829268,113013.09999999998,24691.742399999996,88321.35759999999
CANFINHOME,123,29.268292682926827,7827.109356250003,-2684.1663327586207,1.2066330733770445,392.3046006097566,85168.35000000008,36914.884125,48253.46587500007
CAPLIPOINT,98,26.53061224489796,13455.049907692308,-3341.917595833333,1.4538862443167606,1114.4207214285718,138647.20000000007,29433.969299999997,109213.23070000004
CARBORUNIV,121,27.27272727272727,9182.054702272726,-2558.793823579545,1.345661569768609,643.2557743801651,114162.19999999998,36328.251299999996,77833.94869999998
CARTRADE,62,30.64516129032258,13114.660743421055,-3335.4324267441866,1.737360963893595,1705.7251576612907,124441.45000000001,18686.490225000005,105754.95977500002
CASTROLIND,102,27.450980392156865,6377.7379653571425,-2303.662153986487,1.0475486367990268,79.4672905392153,38740.149999999965,30634.486365000004,8105.663634999961
CCAVENUE,101,21.782178217821784,13449.119921136362,-4622.926755316453,0.8101630705467712,-686.4413406435627,-39091.78999999986,30238.785405000002,-69330.57540499984
CCL,137,24.087591240875913,7922.530209090908,-2589.624481971153,0.9707506997196431,-57.49962937956162,33176.45000000005,41053.899225,-7877.449224999942
CDSL,106,29.245283018867923,11807.284080645162,-2425.2985586666664,2.0122652814133066,1737.0605150943397,216134.99999999997,32006.585399999996,184128.41460000002
CEATLTD,115,25.217391304347824,10834.972620689658,-2346.0249630813946,1.557380511987661,977.8787754347834,146834.95000000007,34378.890825,112456.05917500009
CELLO,34,26.47058823529412,4615.636441666672,-2626.4675509999997,0.6326478765623258,-709.4400235294105,-13974.799999999956,10146.160800000001,-24120.960799999957
CEMPRO,116,24.137931034482758,21248.644075,-3046.9613528409095,2.218909734243297,2817.495129741379,362129.6,35300.164950000006,326829.43505
CENTRALBK,112,20.535714285714285,12074.747791739135,-3268.5135407303374,0.9546971128241212,-117.6652313839282,20447.13000000002,33625.635915000006,-13178.505914999958
CENTURYPLY,92,34.78260869565217,10653.499543750004,-3283.9473620833346,1.7301941221520563,1563.8602573369565,171656.85000000003,27781.706325,143875.143675
CERA,125,21.6,9661.937951851853,-2282.607873214285,1.1661935140836508,297.4140250000005,73965.95000000008,36789.196874999994,37176.75312500006
CESC,118,26.27118644067797,7881.904818709677,-2386.2413931609185,1.1769533579079843,311.3224421610174,72225.89000000003,35489.841824999996,36736.048175000054
CGCL,125,23.200000000000003,10590.381112068964,-2974.093863697917,1.0756814593694044,172.8643306799993,59169.689999999886,37561.648665,21608.041334999914
CHALET,113,27.43362831858407,9023.69133467742,-2965.7537887195112,1.1502625462533993,323.3860238938063,70463.60000000012,33920.979300000006,36542.62070000011
CHAMBLFERT,119,31.092436974789916,7269.205542567567,-2924.7426216463405,1.121468725038477,244.80428655462245,64871.20000000007,35739.4899,29131.710100000073
CHENNPETRO,95,33.68421052631579,14817.870375000002,-3610.876715079365,2.084407175105646,2596.7012521052643,275541.1000000001,28854.481050000002,246686.6189500001
CHOICEIN,52,42.30769230769231,11063.610926136369,-2435.346778333332,3.3314822970382663,3275.750712019232,186185.3500000001,15846.312975,170339.03702500009
CHOLAHLDNG,128,28.125,7942.877095138887,-2485.9377244565203,1.2502655681994528,447.1664435546879,95595.05000000005,38357.745225000006,57237.30477500005
CIEINDIA,114,28.07017543859649,9296.082434375,-2421.5757469512205,1.4980904442707246,867.5914618421042,133252.79999999987,34347.37335,98905.42664999988
CLEAN,65,21.53846153846154,7971.540023214286,-2716.859751470587,0.8054394002270531,-414.7428769230761,-7620.199999999948,19338.086999999996,-26958.286999999946
CMSINFO,63,22.22222222222222,7673.524919642861,-2859.585677040815,0.7666969760442114,-518.8944333333316,-13844.399999999907,18845.9493,-32690.34929999989
COCHINSHIP,88,35.22727272727273,15686.934755645163,-3167.8887258771924,2.6931156900579465,3474.1513642045466,332543.0000000001,26817.679949999998,305725.3200500001
COFORGE,98,34.69387755102041,9210.27704117647,-2929.2453718750003,1.670382319318314,1282.425669387755,155208.19999999998,29530.484399999998,125677.7156
COHANCE,87,27.586206896551722,15252.488357291668,-2437.32542420635,2.3839540249537077,2442.6232051724137,238876.80000000002,26368.58115,212508.21885
COLPAL,122,23.770491803278688,5824.077205172413,-1870.778215322581,0.9707778727385944,-41.67323831967218,31241.049999999992,36325.185074999994,-5084.135075000006
CONCOR,107,26.168224299065418,6742.13597767857,-2580.8345167721527,0.9259089644624369,-141.17868644859902,16941.299999999916,32047.419449999998,-15106.119450000097
CONCORDBIO,37,29.72972972972973,9886.568913636362,-3854.0557346153846,1.0852928560947888,230.9948364864856,19586.299999999967,11039.491049999999,8546.808949999968
COROMANDEL,114,28.07017543859649,8889.097067968749,-2756.5289115853648,1.258436258144789,512.4187317982462,92564.35000000006,34148.61457500001,58415.73542500007
CRAFTSMAN,68,36.76470588235294,10023.810925000002,-3034.7933186046516,1.9203274943606807,1766.164123897059,140216.85,20117.689575,120099.16042500001
CREDITACC,114,30.701754385964914,10445.112368571426,-3128.6027430379745,1.4791208118101924,1038.765931578947,152682.89999999997,34263.5838,118419.31619999994
CRISIL,124,22.58064516129032,8881.994658035712,-2163.3976971354164,1.1974598007063797,330.7231572580648,77784.00000000003,36774.3285,41009.67150000004
CROMPTON,122,25.40983606557377,6189.688154677418,-2217.44238434066,0.950904113924164,-81.20429655737763,26673.479999999956,36580.40418,-9906.924180000071
CSBBANK,97,30.927835051546392,7880.795079166667,-2755.3914914179104,1.280658021026399,534.1507469072166,80991.9,29179.27755,51812.62245000001
CUB,103,30.097087378640776,7838.431786290321,-2480.463540972222,1.360584542640673,625.2234021844661,95420.25000000003,31022.239574999996,64398.01042500001
CUPID,103,29.126213592233007,22646.78210666667,-4066.2295171232854,2.2888272088361328,3714.2593053398077,414088.40000000014,31519.691549999996,382568.7084500002
CYIENT,106,29.245283018867923,9298.056304838708,-2929.432554,1.3119252739757736,646.5311688679252,100336.50000000006,31804.1961,68532.30390000007
DABUR,125,20.0,3699.561403999999,-1888.2684847499995,0.489808710185857,-770.7025069999996,-59024.94999999996,37312.86337500001,-96337.81337499995
DALBHARAT,94,31.914893617021278,8627.458100833332,-2450.6167210937506,1.6502462216778913,1084.9390731382978,130134.14999999998,28149.877125,101984.27287499998
DATAMATICS,124,22.58064516129032,14860.553926785711,-3380.722848437499,1.2820714453564481,738.2751330645167,128863.10000000002,37316.9835,91546.11650000008
DATAPATTNS,56,37.5,12667.61545357143,-3745.5145728571442,2.0292456815473052,2409.409187053571,151768.44999999998,16841.535525,134926.91447499997
DBL,112,25.892857142857146,11708.466606034483,-3638.1122174698808,1.1244595478203583,335.5555136160705,71227.5499999999,33645.332475,37582.2175249999
DCBBANK,98,33.6734693877551,8619.332610757576,-2981.8043266923087,1.4675573526909806,924.7009685714274,120183.85999999993,29563.16508,90620.69491999989
DCMSHRIRAM,108,27.77777777777778,10533.927568333336,-2975.0370012820504,1.361835365899378,777.453156944445,116388.30000000005,32423.359050000003,83964.94095000006
DEEPAKFERT,97,32.98969072164948,16375.273117187498,-3162.297966153846,2.549308447690589,3283.086308762886,348000.69999999995,29541.32805,318459.37194999994
DEEPAKNTR,92,33.69565217391305,10452.306912096776,-2492.412289344263,2.13119961154836,1869.3952676630433,199669.84999999992,27685.485375000004,171984.364625
DELHIVERY,74,25.675675675675674,6837.383567105264,-2627.9712401818183,0.8987941710158557,-197.67743831081123,7534.4899999999725,22162.620435,-14628.13043500003
DEVYANI,67,31.343283582089555,5201.18353595238,-2830.031182608695,0.8390202086680957,-312.784778283582,-875.7299999999818,20080.850145,-20956.580144999993
DIACABS,34,29.411764705882355,12185.881962000003,-2787.428919583335,1.8215534687998356,1616.4860455882354,65251.3,10290.774449999999,54960.52555
DIXON,90,38.88888888888889,13946.90103142857,-2974.1430572727268,2.984153917768246,3606.2629772222217,351226.7,26663.032049999998,324563.66795
DOMS,38,21.052631578947366,8596.687712500003,-3268.2249800000004,0.7014358162903054,-770.34862368421,-18023.19999999998,11250.047700000003,-29273.24769999998
DYNAMATECH,100,30.0,13591.610911666667,-3204.5829585714287,1.8177017665963986,1834.2752025,213152.7,29725.17975,183427.52025
ECLERX,111,25.225225225225223,13571.914639285713,-3282.9953783132523,1.3946036165494657,968.6936351351351,140876.40000000002,33351.4065,107524.9935
EDELWEISS,85,37.64705882352941,12437.778417031252,-4015.1495375471704,1.8703169067274086,2178.893927705882,211014.71000000002,25808.726144999997,185205.98385499997
EIDPARRY,112,29.464285714285715,8677.271966666665,-2858.857702848101,1.2678781539113448,540.1805033482143,94151.15,33650.933625000005,60500.216374999996
EIEL,19,21.052631578947366,18149.96798375,-4393.317631333335,1.1016711898575922,352.6372349999993,12412.529999999986,5712.422535,6700.107464999986
EIHOTEL,109,23.853211009174313,12191.031099038464,-2864.859897891566,1.3330066208674096,726.4535509174314,112020.50000000001,32837.06295000001,79183.43705000002
ELECON,93,37.634408602150536,16202.254874999997,-4420.083269396551,2.211999678171533,3341.0117311827958,339082.4,28368.308999999997,310714.091
ELECTCAST,106,23.58490566037736,18327.3276896,-3177.254550679013,1.7803366176745394,1894.5808833490562,232965.78999999995,32140.216365,200825.57363499995
ELGIEQUIP,110,31.818181818181817,8437.709237857141,-3275.318848666666,1.2022028468881039,451.553724318182,82738.84999999999,33067.940325,49670.90967500002
EMAMILTD,110,26.36363636363636,7451.644731034484,-2683.2633944444447,0.9942642270833202,-11.333070454545458,31729.000000000015,32975.63775,-1246.6377500000003
EMBDL,108,28.703703703703702,11713.554967903225,-4104.055499935064,1.149069939559627,436.18454175925933,79613.08000000002,32505.14949,47107.930510000006
EMCURE,33,39.39393939393939,4603.694790384615,-2735.1488362500013,1.0940543980972905,155.91077424242346,14998.999999999969,9853.944449999999,5145.055549999974
EMIL,44,29.545454545454547,16175.197053846154,-3670.056406129031,1.848240572075399,2193.313934318183,109861.38000000003,13355.566890000002,96505.81311000005
ENDURANCE,120,29.166666666666668,8006.768038571428,-2445.8216658823526,1.3479741930739662,602.85033125,108227.99999999996,35885.960250000004,72342.03975
ENGINERSIN,108,29.629629629629626,9696.04253890625,-2992.32006131579,1.3643407600966015,767.1947831944443,115410.38999999998,32553.353415000005,82857.03658499998
ENTERO,30,20.0,12112.375162499999,-3132.579860416668,0.9666453611887262,-83.58885583333469,6438.64999999996,8946.315675,-2507.6656750000407
EPL,138,18.84057971014493,9749.37901826923,-3033.2006376785716,0.7461585865951145,-624.8885285869568,-44942.61000000003,41292.006945,-86234.61694500003
EQUITASBNK,72,33.33333333333333,7205.153563750003,-2681.414005520833,1.3435361993551025,614.1085175694457,65907.9500000001,21692.136735,44215.81326500009
ERIS,120,27.500000000000004,6703.4417772727265,-2631.527837068967,0.9662389947966666,-64.41119312500082,28161.749999999927,35891.093175,-7729.343175000098
ESCORTS,122,27.049180327868854,10278.985671212122,-2653.3871792134833,1.4363939509762662,844.7136737704918,139443.59999999995,36388.531800000004,103055.06820000001
ETHOSLTD,70,25.71428571428571,8914.114030555555,-2592.2445624999996,1.1903409506064957,366.53336142857194,46538.40000000003,20881.064700000003,25657.335300000035
EUREKAFORB,28,28.57142857142857,6087.228365625005,-3190.870548750002,0.7630805791240421,-539.9851446428571,-6755.400000000002,8364.18405,-15119.58405
EXIDEIND,109,28.440366972477065,6617.484339516128,-2333.538167948718,1.1270549860152905,212.16548096330274,55866.64999999999,32740.612575000006,23126.037425
FACT,114,30.701754385964914,18539.59229285714,-3717.5294151898734,2.2094629264598726,3115.797425,389911.8,34710.89354999999,355200.90645
FEDERALBNK,113,39.823008849557525,5678.605863666667,-2601.486946544119,1.4445203902265462,695.8951460176983,112685.3999999999,34049.248499999994,78636.1514999999
FEDFINA,35,34.285714285714285,5799.978307083336,-2083.8126526086967,1.452182198188479,619.201390714286,32213.910000000018,10541.861324999998,21672.048675000013
FIEMIND,102,34.31372549019608,10227.45181857143,-3285.551623507463,1.6261192406681706,1351.2632830882358,168562.34999999998,30733.495125,137828.85487500005
FINCABLES,99,26.262626262626267,13904.365517307691,-2750.8298095890405,1.8002712330747606,1623.2618924242431,190595.4,29892.47265,160702.92735000007
FINPIPE,115,20.869565217391305,11766.709800833332,-2872.8780614835177,1.0802087707607577,182.34027499999902,55525.72999999988,34556.598374999994,20969.13162499989
FIRSTCRY,26,7.6923076923076925,7161.878000000006,-3843.068759166667,0.15529859184618977,-2996.534393076923,-70231.02,7678.874220000001,-77909.89422
FIVESTAR,46,34.78260869565217,6757.814107812499,-2984.0059808333326,1.207828518882574,404.45318043478295,32411.500000000015,13806.653699999997,18604.846300000016
FLUOROCHEM,79,36.708860759493675,10757.26135689655,-2748.4502645000002,2.2700834967210297,2209.3426091772144,198184.05,23645.983874999998,174538.06612499992
FORCEMOT,69,37.68115942028986,20317.736014423077,-3689.3488104651165,3.3298946067521764,5356.799094565218,390133.35,20514.212475,369619.137525
FORTIS,117,32.47863247863248,6598.458688157895,-2139.3236139240516,1.483619464179928,698.5885867521364,116949.69999999994,35214.83535,81734.86464999996
FSL,112,31.25,10236.306725857145,-3006.1626503246753,1.5477760969017775,1132.1090297321437,160611.8600000001,33815.64867,126796.21133000008
GABRIEL,113,35.39823008849557,11297.5380325,-2950.6533808219174,2.0979867845086453,2092.954199115045,270750.80000000005,34246.9755,236503.82450000008
GAEL,105,25.71428571428571,13209.01951962963,-3217.49627224359,1.4210903521739535,1006.464931380952,137367.54999999996,31688.732205000004,105678.81779499995
GALLANTT,83,30.120481927710845,16890.250704000002,-4403.131765517241,1.6534323439686678,2010.5376530120493,192033.50000000006,25158.8748,166874.6252000001
GESHIP,122,27.049180327868854,9150.071990151513,-2636.2650820224726,1.2869431626307486,551.842486680327,103953.24999999991,36628.466625,67324.7833749999
GHCL,111,31.53153153153153,7946.771685714286,-2681.69940131579,1.3646934048784347,669.6203108108108,107717.99999999994,33390.1455,74327.8545
GICRE,122,22.131147540983605,10135.37306851852,-2811.005259210526,1.0247507381112266,54.176829713115744,43227.750000000124,36618.176775,6609.573225000121
GILLETTE,120,25.833333333333336,4361.926411290322,-1853.195488764045,0.8198394026943989,-247.62233125000003,5203.5,34918.179749999996,-29714.679750000003
GLAND,65,29.230769230769234,12021.158463157893,-2798.922540217391,1.7739901812224415,1533.1011376923077,119118.49999999999,19466.92605,99651.57395
GLAXO,100,30.0,6363.519838333334,-2132.1882928571436,1.2790722081128445,416.52414649999935,71516.89999999994,29864.48535,41652.41464999993
GLENMARK,109,22.93577981651376,12956.305908999999,-2785.635180059524,1.3842600254693878,824.9017669724774,122665.4,32751.107399999997,89914.29260000003
GMDCLTD,112,25.0,18041.485491071428,-3403.017406547619,1.7672047417250425,1958.1083178571425,253253.2,33945.0684,219308.13159999996
GMMPFAUDLR,116,29.310344827586203,9190.937897794118,-2756.477006707317,1.38251713330323,745.351499784483,121206.95000000004,34746.17602500001,86460.77397500003
GMRAIRPORT,120,24.166666666666668,10867.547289999999,-2811.841210824176,1.2316784773894367,494.0110102083333,95416.69,36135.368774999995,59281.32122499999
GMRP&UI,53,30.18867924528302,19418.0192375,-4292.117435810811,1.9563726802609358,2865.659673113207,168025.77000000005,16145.807325000003,151879.962675
GNFC,122,21.311475409836063,13656.023309615382,-3011.7745875000005,1.228015645118671,540.3790627049173,102606.49999999993,36680.25435,65926.24564999991
GODFRYPHLP,105,27.61904761904762,14161.293951724136,-3174.9956039473686,1.7019398807215667,1613.1224638095239,201026.80000000002,31648.9413,169377.8587
GODIGIT,38,18.421052631578945,4240.317267857146,-2307.110353225806,0.4150174241249349,-1101.0052651315789,-30504.349999999984,11333.850075,-41838.200075
GODREJAGRO,116,25.0,6110.291296551724,-2699.618229885057,0.7544636285864619,-497.1408482758616,-23009.29999999995,34659.038400000005,-57668.33839999994
GODREJIND,101,29.7029702970297,10170.053839166665,-2895.3205658450706,1.4841900058417072,985.4837128712869,129931.69999999995,30397.844999999994,99533.85499999998
GODREJPROP,95,33.68421052631579,10321.57253046875,-3376.624039285714,1.5526465032952605,1237.505331578948,146063.80000000002,28500.793499999996,117563.00650000006
GOKEX,116,30.17241379310345,14554.67482642857,-3725.2505888888873,1.6882238855349698,1790.2441484913793,242760.35000000003,35092.028775,207668.321225
GOKULAGRO,79,22.78481012658228,25817.44779611111,-4269.573100327868,1.7843149900661828,2585.697483670887,228303.86000000004,24033.75879,204270.10121000005
GPIL,101,34.65346534653465,15581.813288,-3626.8515649242427,2.278307412455415,3029.6164534158415,336780.99,30789.728205000003,305991.261795
GPPL,129,24.031007751937985,6096.221923870968,-2809.64461857143,0.6863489845918327,-669.4751393798458,-47756.020000000106,38606.27298,-86362.29298000011
GRANULES,114,28.07017543859649,9780.4735546875,-3050.3671810975607,1.2512494205073386,551.272323684211,97133.40000000007,34288.3551,62845.04490000005
GRAPHITE,105,32.38095238095238,10409.95301764706,-3317.2664686619723,1.5027577588466667,1127.7379364285716,150071.85000000003,31659.366675,118412.48332500002
GRAVITA,111,30.630630630630627,15856.653386764705,-4032.8351084415585,1.7361580549465876,2059.440646846846,262169.19999999995,33571.288199999995,228597.91179999989
GREAVESCOT,118,22.033898305084744,10379.524419999998,-3141.318119347826,0.9337939509402768,-162.1494242372884,16264.519999999977,35398.15206,-19133.632060000033
GRSE,108,30.555555555555557,15906.624161363632,-3403.062762666666,2.0566516456239543,2497.11935300926,302400.55000000005,32711.659875,269688.8901250001
GRWRHITECH,66,30.303030303030305,17507.338998749998,-4214.617582608694,1.8060681359574675,2367.7935026515156,176143.75000000003,19869.378825,156274.37117500004
GSFC,105,29.523809523809526,11056.822552741936,-2702.491260000001,1.7139415838380812,1359.782341857142,174516.7499999999,31739.604105,142777.1458949999
GVT&D,108,34.25925925925926,15346.192481081083,-3644.6641676056342,2.194251982316859,2861.462647222221,341810.0999999999,32772.1341,309037.9658999999
HAPPSTMNDS,85,18.823529411764707,13485.200653125,-2454.653632246376,1.2739080613741514,545.7895273529427,71899.45000000011,25507.340175,46392.10982500013
HAVELLS,101,24.752475247524753,8497.522899000001,-2579.2932549342104,1.0837223686668316,162.49292178217814,46600.30000000002,30188.5149,16411.785099999994
HBLENGINE,103,34.95145631067961,16322.959772916665,-3589.2839272388055,2.4435362950999377,3370.335230097088,378574.8000000001,31430.271299999997,347144.5287
HCC,110,24.545454545454547,17793.51904574074,-4437.766227771084,1.3043168311417408,1019.0037939090904,145305.70000000004,33215.28267,112090.41732999994
HCG,127,27.559055118110237,7786.24809,-2897.305116032609,1.0223844161476237,46.981200590550934,44072.849999999955,38106.237525,5966.612474999969
HEG,99,26.262626262626267,12670.380268269231,-3214.0842904109586,1.4040509737729123,957.5932704545457,124635.75000000001,29834.016225,94801.73377500003
HEMIPROP,90,18.88888888888889,11042.669346176466,-3097.906892123287,0.8301025893353063,-426.90915822222235,-11458.93999999999,26962.884240000003,-38421.82424000001
HERITGFOOD,101,32.67326732673268,9077.381641666667,-3583.451112132354,1.2293177097976078,553.2566193069305,86269.9,30390.98145,55878.91854999997
HEROMOTOCO,108,25.0,8389.977092592593,-2201.823733333333,1.2701557297823953,446.1264731481486,80192.20000000006,32010.5409,48181.65910000005
HEXT,19,36.84210526315789,5549.444035714286,-2564.964220833333,1.2620744029124398,424.55461052631586,13767.500000000004,5700.9624,8066.5376000000015
HFCL,121,21.487603305785125,21700.177474423082,-3497.734176210526,1.6979552021882862,1916.6931206198346,268611.65,36691.782405,231919.867595
HGINFRA,107,30.8411214953271,11684.739112121208,-3492.8757239864863,1.4918257757362583,1188.07090771028,159362.44999999995,32238.862875000003,127123.58712499996
HINDCOPPER,99,26.262626262626267,22021.546148846155,-3550.000325821917,2.2093773772716925,3165.7593543939406,343600.41000000003,30190.233915000004,313410.1760850001
HINDPETRO,97,35.051546391752574,9766.00999264706,-3804.7546757936525,1.3852522762975297,952.0081976804113,121599.9499999999,29255.154824999998,92344.79517499989
HOMEFIRST,92,28.26086956521739,6528.7157317307665,-3105.8086000000003,0.8280994258823948,-383.00824538043565,-7769.750000000075,27467.008575000003,-35236.75857500008
HONASA,36,36.11111111111111,9566.680192307695,-2789.1457597826097,1.9386774616471034,1672.6802784722217,71105.75,10889.259974999999,60216.490024999985
HONAUT,104,33.65384615384615,5232.8163214285705,-1648.2709579710142,1.6103706169965137,667.4795687500001,94547.90000000001,25130.02485,69417.87515
HSCL,113,25.663716814159294,14571.784868103448,-3464.1083589285713,1.4522453488260139,1164.572203761062,165710.05000000002,34113.390974999995,131596.659025
HUDCO,98,33.6734693877551,12535.301091363635,-2925.4603132307693,2.175410108935663,2280.714445459184,253272.95,29762.934345,223510.01565500002
ICICIGI,118,27.966101694915253,4869.339599242424,-2277.7738770588226,0.8299548565863933,-279.0048540254234,2216.850000000035,35139.42277500001,-32922.572774999964
ICICIPRULI,98,28.57142857142857,7314.514115178571,-2591.6466092857145,1.1289369606135504,238.68502627551032,52792.55,29401.417425000003,23391.13257500001
ICIL,108,27.77777777777778,18785.1098925,-4895.314590705129,1.4759096953778097,1682.5810990740747,214406.90000000008,32688.1413,181718.75870000006
IDBI,116,30.17241379310345,8245.552224428573,-3897.089556296297,0.9142445625159233,-233.36143280172473,7733.129999999987,34803.056205,-27069.92620500007
IDEA,108,24.074074074074073,16762.58819211538,-5214.8331318292685,1.019201737310338,76.02755726851831,40670.269999999975,32459.293815,8210.976184999978
IDFCFIRSTB,102,27.450980392156865,12204.98007785714,-2448.853750270269,1.885821302921957,1573.7673005882357,191403.54000000007,30879.27534,160524.26466000004
IEX,113,25.663716814159294,9174.895110172412,-2970.844463869049,1.0662030107493563,146.2037453982293,50476.779999999904,33955.75677000001,16521.02322999991
IFBIND,102,31.372549019607842,13030.5627453125,-3531.094709642858,1.6869637246784337,1664.7193938725482,200547.34999999992,30745.971825,169801.3781749999
IFCI,97,34.02061855670103,18150.989354848483,-3825.1110853906243,2.446753486935135,3651.2942190206195,383847.35000000015,29671.810755,354175.5392450001
IGIL,21,28.57142857142857,2600.127841666665,-3155.9100183333335,0.32955665105303833,-1511.3277726190481,-25487.35000000001,6250.533225,-31737.883225000012
IGL,115,29.565217391304348,4723.374025882354,-2712.476316728396,0.7309375619066606,-514.0509980434787,-24691.270000000033,34424.594775,-59115.864775000045
IIFL,104,29.807692307692307,14788.147645161293,-3737.6563438356156,1.6801700684509713,1784.45830673077,217056.00000000006,31472.3361,185583.66390000007
IIFLCAPS,86,33.72093023255814,18746.303857758627,-3911.8812614035087,2.4381090716867946,3728.6695345930234,346967.5900000001,26302.010025,320665.579975
IKS,33,15.151515151515152,7268.398780000003,-2046.5457937499998,0.6342044031143631,-635.1905553030298,-11170.14999999999,9791.138325,-20961.288324999983
IMFA,99,35.35353535353536,14436.211960714285,-3429.31313046875,2.3021529722298912,2886.7815987373738,315893.05,30101.671725,285791.378275
INDGN,38,13.157894736842104,6175.613144999996,-2907.1873340909087,0.32185712643668807,-1712.082007894737,-53770.799999999996,11288.3163,-65059.11630000001
INDIACEM,126,23.015873015873016,10716.049141206895,-2983.2721291237117,1.0739105017421502,169.7462584920637,59233.57999999999,37845.55143000001,21388.028570000028
INDIAGLYCO,94,32.97872340425532,13328.927396774192,-3181.8186523809536,2.061298671251928,2263.214619148935,241247.29999999996,28505.125799999998,212742.1741999999
INDIAMART,91,28.57142857142857,13768.236092307692,-3161.7915550000007,1.7418271701731696,1675.3592013736259,179724.54999999996,27266.862675,152457.68732499995
INDIANB,110,35.45454545454545,9849.05032051282,-2904.13047887324,1.8628783261319342,1617.4518045454552,211184.00000000003,33264.3015,177919.69850000006
INDIASHLTR,50,22.0,6333.135050000001,-2939.6340211538477,0.6076500841268924,-899.6248255000011,-30075.35000000005,14905.891275,-44981.24127500005
INDIGOPNTS,64,18.75,8287.038418750002,-2603.8665168269235,0.7344437469784153,-561.8218414062493,-16931.599999999933,19024.99785,-35956.597849999955
INDUSINDBK,118,23.728813559322035,7682.495688392859,-2630.2312861111104,0.908707071634025,-183.14352944915242,13614.250000000035,35225.186474999995,-21610.936474999988
INDUSTOWER,145,24.82758620689655,6332.44744861111,-2813.9944394495406,0.7432319354175261,-543.1536948275862,-35371.899999999994,43385.38575,-78757.28575
INOXGREEN,51,29.411764705882355,18522.365840333336,-4582.673944027777,1.6840937251339922,2212.92599254902,128342.80000000002,15483.574380000002,112859.22562000003
INOXINDIA,36,19.444444444444446,14666.923064285715,-2562.992641379309,1.3813117201275598,787.2687458333348,39128.40000000005,10786.72515,28341.674850000054
INOXWIND,91,29.67032967032967,23165.951941666663,-4127.459348828123,2.3678333690107527,3970.5857593406595,389200.28,27876.9759,361323.3041
INTELLECT,87,31.03448275862069,22178.164426851858,-3479.47865875,2.868295791090929,4483.238160919539,416686.99999999994,26645.280000000002,390041.7199999999
IOB,105,20.952380952380953,15761.80755068182,-3100.04258746988,1.3476681011725717,851.9641081428571,121133.48999999996,31677.258645,89456.231355
IONEXCHANG,66,24.242424242424242,9822.326048437502,-2949.6386045000004,1.0656031998987219,146.59525075757554,29477.30000000001,19802.01345,9675.286549999986
IPCALAB,116,26.72413793103448,7911.904023387096,-2511.6832858823527,1.148838292694015,273.9305640086211,66498.55000000005,34722.604575000005,31775.94542500005
IRB,101,26.732673267326735,14398.177218518518,-3708.0732534459457,1.4167435824664774,1132.2115261881193,144868.45000000004,30515.085854999998,114353.36414500004
IRCON,99,29.292929292929294,10704.734952758625,-3325.597347999999,1.3335405047787703,784.2979724242433,107492.58000000009,29847.08073,77645.49927000009
IRCTC,85,23.52941176470588,15123.4082275,-2586.127261153845,1.7993532056949635,1580.8222655882366,160031.15000000005,25661.257424999996,134369.89257500012
IREDA,36,22.22222222222222,12342.350889375,-3341.4185182142855,1.0553559660875471,143.86357236111192,15994.930000000046,10815.841395,5179.088605000029
ITCHOTELS,11,45.45454545454545,8607.083747,-2840.0353508333355,2.5255213062971418,2363.2006027272714,29335.219999999987,3340.0133699999997,25995.206629999986
ITI,111,29.72972972972973,11132.181155151518,-3342.2394457051264,1.4091656288446357,960.9666788738755,140150.59000000014,33483.288645,106667.30135500018
IXIGO,26,26.923076923076923,16091.499687857144,-3808.884393421053,1.556478653870683,1548.9113207692315,48136.48000000002,7864.7856600000005,40271.69434000002
J&KBANK,112,29.464285714285715,12658.88583257576,-3716.9226780379745,1.4226524134911966,1108.0923295535713,157932.22,33825.87909,124106.34090999998
JAMNAAUTO,140,23.57142857142857,8125.473846666667,-2942.244652850468,0.8517263371330037,-333.4252922500003,-4706.990000000049,41972.550915,-46679.54091500005
JAYNECOIND,94,23.404255319148938,19007.691814090907,-3901.3952244444454,1.4886740506815412,1460.305997340425,165711.99999999994,28443.236249999998,137268.76374999995
JBCHEPHARM,127,33.07086614173229,6537.378856547616,-2351.6560917647057,1.3735997664970694,588.0247572834637,112745.34999999989,38066.205825000005,74679.14417499989
JBMA,101,29.7029702970297,17965.146864166665,-2973.076268309859,2.553216413119304,3246.197929455444,358657.04999999993,30791.059124999996,327865.99087499984
JINDALSAW,114,28.07017543859649,11885.144107812499,-3474.851261890245,1.334763610906297,836.7263857456138,129759.06999999992,34372.262024999996,95386.80797499997
JKCEMENT,104,38.46153846153847,7749.987131249999,-2348.9547554687497,2.0620839740545143,1535.2536625000005,190679.90000000002,31013.519099999998,159666.38090000005
JKLAKSHMI,108,25.0,11006.017124074076,-2416.574869135803,1.5181289938694598,939.0731291666658,133920.29999999996,32500.402050000004,101419.89794999991
JKPAPER,103,28.155339805825243,11842.245005172414,-3422.445499324324,1.3560127693021116,875.3799825242721,121199.5,31035.3618,90164.13820000003
JKTYRE,109,23.853211009174313,16596.790095192307,-2970.1622301204816,1.7504075820934908,1697.1841961009177,217988.55,32995.472624999995,184993.07737500002
JLHL,49,22.448979591836736,5575.719420454546,-1994.135100657895,0.8093855036354695,-294.78000408163274,162.99999999999272,14607.2202,-14444.220200000003
JMFINANCIL,119,24.369747899159663,8860.302471379313,-2699.0853578888878,1.057760675683833,117.9083147899173,49789.56000000017,35758.47054000001,14031.08946000016
JPPOWER,99,27.27272727272727,23058.806734444443,-4012.7771011805544,2.1548798518793166,3370.3821267171734,363912.41000000015,30244.579455000003,333667.83054500015
JSFB,35,17.142857142857142,13694.483729166668,-3436.4688870689656,0.8244921034694749,-499.7341528571428,-7027.2999999999965,10463.39535,-17490.695349999998
JSL,119,30.252100840336134,13172.074775694447,-3113.345172590361,1.835064454027072,1813.3364924369762,251798.10000000015,36011.057400000005,215787.04260000016
JSLL,48,35.41666666666667,24830.30151470588,-5137.525955645162,2.650423000727685,5476.0796067708325,277638.54999999993,14786.728875,262851.82112499996
JSWDULUX,116,31.896551724137932,4540.356362837837,-2284.7944727848103,0.9307165451280637,-107.80670625000035,21884.54999999996,34390.127925,-12505.57792500004
JSWENERGY,116,35.3448275862069,10006.909437195121,-2969.532423,1.8421903001618334,1616.9685793103447,222652.1,35083.74479999999,187568.3552
JSWINFRA,45,28.888888888888886,7552.950801538462,-2466.004485156249,1.24427440484991,428.36037544444554,32805.53000000004,13529.313105000001,19276.21689500005
JUBLFOOD,102,28.431372549019606,7671.698334482758,-2489.467340753424,1.224222118643831,399.4915276960788,71371.25000000004,30623.114175,40748.135825000034
JUBLINGREA,61,26.229508196721312,10261.654337500002,-3117.0490683333333,1.1705263949661744,392.1190381147547,42230.35000000005,18311.088675000003,23919.261325000036
JUBLPHARMA,108,25.0,14724.436199999998,-2948.3900700617282,1.6646865860246374,1469.8164974537035,191318.94999999995,32578.768274999995,158740.18172499997
JUSTDIAL,127,19.68503937007874,9183.618904,-2738.5625132352934,0.8219228063614106,-391.6764074803152,-11792.900000000038,37950.003749999996,-49742.903750000034
JWL,71,32.3943661971831,25158.70583043479,-5015.178501041665,2.403745591091677,4759.460085211268,359734.50000000006,21812.833949999997,337921.66605
JYOTHYLAB,106,23.58490566037736,8925.644885000002,-2586.646063209876,1.065019566222097,128.51689627358564,45454.23000000008,31831.438994999997,13622.79100500008
JYOTICNC,34,23.52941176470588,17174.295909375,-3522.1921019230763,1.5003153117233252,1347.5697830882355,56046.05,10228.677375000001,45817.372625
KAJARIACER,99,32.323232323232325,10800.772132031252,-2411.394725373135,2.1392506504314697,1859.204662878788,213945.44999999998,29884.188374999998,184061.261625
KEC,106,32.075471698113205,7826.547155147057,-2481.3293506944437,1.4894715564043124,824.9706606132079,119349.35,31902.459974999998,87446.89002500003
KEI,115,34.78260869565217,9534.685986875,-3882.376397333332,1.3098075351888827,784.4279102173915,124612.75000000003,34403.540325,90209.20967500002
KFINTECH,52,28.846153846153843,13733.144571666666,-3502.1880324324325,1.589717910920016,1469.5425264423075,92090.64999999997,15674.438625,76416.21137499998
KIMS,76,26.31578947368421,7841.3829462500025,-2405.129200892858,1.1643839791789028,291.3213641447366,44950.94999999998,22810.526325,22140.423674999984
KIRLOSBROS,105,33.33333333333333,12750.831492857142,-3291.5955328571417,1.9368770199097451,2055.880142380953,247614.40000000005,31746.985050000003,215867.4149500001
KIRLOSENG,108,33.33333333333333,11525.284562500003,-3360.933313541667,1.7145958409919995,1601.1393118055562,205561.65000000005,32638.604325000004,172923.04567500006
KIRLPNU,44,36.36363636363637,11268.3027109375,-3187.819913392857,2.0198851552070685,2068.951949999999,104309.09999999998,13275.214199999999,91033.88579999997
KITEX,112,32.142857142857146,9872.516080555557,-3623.5821526315794,1.2905613253807704,714.4494223214284,113775.93999999997,33757.604699999996,80018.33529999998
KNRCON,127,16.535433070866144,12402.960375238097,-2976.562210471699,0.8255128195790252,-433.49154669291426,-17018.98000000015,38034.446429999996,-55053.42643000011
KPIGREEN,68,30.88235294117647,27059.62003214286,-3960.3282335106396,3.0528955713053065,5619.361672058823,403088.1000000001,20971.5063,382116.59369999997
KPIL,119,31.932773109243694,8172.676168421053,-3174.1742796296294,1.2079031126923392,449.18972899159684,89151.60000000003,35698.022249999995,53453.577750000026
KPITTECH,105,28.57142857142857,12966.035967500002,-2919.217202,1.776645596445071,1619.4265607142863,201713.85000000006,31674.061125,170039.78887500006
KPRMILL,123,32.52032520325203,8998.919369374998,-2762.4989316265064,1.5698933172776093,1062.3525483739832,167723.4999999999,37054.13655,130669.36344999992
KRBL,106,34.90566037735849,8354.2955,-3860.657533695651,1.1603825454193186,403.0524875000003,74584.55000000003,31860.986324999998,42723.563675000034
KSB,131,27.480916030534353,8233.72161111111,-2315.554212368421,1.3474731535871582,583.4834185114502,115824.94999999998,39388.622175,76436.32782499997
LALPATHLAB,115,27.82608695652174,6923.600168750001,-2604.8160355421683,1.024770957976995,46.56934304347877,39701.700000000055,34346.225549999996,5355.474450000058
LATENTVIEW,72,23.61111111111111,3237.554451470589,-3019.7353827272727,0.33138620501660754,-1542.3197274305555,-89628.25,21418.770375,-111047.020375
LAURUSLABS,93,33.33333333333333,17460.94671209678,-3064.409215322582,2.8489907001958144,3777.376093817204,379705.15,28409.173275,351295.97672499996
LEMONTREE,122,21.311475409836063,11659.853168846155,-2826.0830312500007,1.1174041473576513,261.0836999180323,68539.87999999996,36687.66861,31852.211389999942
LICHSGFIN,117,26.495726495726498,6903.466338709677,-2697.148475872093,0.9226258097292965,-153.3958326923082,17095.649999999958,35042.962425000005,-17947.31242500006
LICI,53,28.30188679245283,8318.328681666668,-2004.3140105263167,1.6382417017244235,917.1886382075468,64577.44999999998,15966.452175,48610.99782499998
LINDEINDIA,114,29.82456140350877,12973.135030147057,-2480.2825203125003,2.222965465691313,2128.6314859649124,276488.9,33824.9106,242663.9894
LLOYDSENGG,76,26.31578947368421,52288.00375525,-4982.461460267858,3.7480043156104004,10088.71359644737,790724.7399999999,23982.506670000002,766742.2333300001
LLOYDSENT,25,28.000000000000004,19909.401615714283,-4281.477153888888,1.8083817323993385,2491.9689015999998,69901.48000000001,7602.25746,62299.222539999995
LLOYDSME,50,22.0,13776.942195454552,-3044.9991967948718,1.2761265136176423,655.8279095000005,47776.75000000002,14985.354525000002,32791.39547500003
LTF,98,28.57142857142857,11002.490972142858,-3372.544556428572,1.3049483306212186,734.6084517346936,101524.95999999998,29533.331730000005,71991.62826999997
LTFOODS,109,28.440366972477065,14209.909252419357,-3943.3488980769216,1.4321654467278093,1219.5043373853216,165841.8500000001,32915.877225000004,132925.97277500006
LTTS,119,26.89075630252101,8268.953387500002,-2506.17108132184,1.2135859926753538,391.3413808823525,81748.74999999993,35179.125674999996,46569.624324999946
LUMAXTECH,112,31.25,11255.344412142857,-3662.943537987013,1.3967088459940264,999.0214464285712,145625.59999999995,33735.198000000004,111890.40199999997
LUPIN,127,21.25984251968504,8439.346048148149,-2320.5733780000005,0.981922594907921,-33.03145275590593,33703.199999999946,37898.194500000005,-4194.994500000053
LXCHEM,69,17.391304347826086,15924.965935416665,-3247.491377719298,1.0323736132013004,86.84902456521753,26701.88999999997,20709.307305,5992.58269500001
M&MFIN,131,29.00763358778626,6724.503960526313,-3250.698945430107,0.8452479991826326,-357.1286368320613,-7533.950000000029,39249.901425000004,-46783.85142500003
MAHABANK,120,26.666666666666668,11106.50831890625,-3166.3181107954556,1.2755289129080793,639.7689371249993,112935.7499999999,36163.477544999994,76772.27245499991
MAHSCOOTER,112,29.464285714285715,10829.332091666669,-2357.418801582279,1.9188975026046016,1527.9631580357134,203788.19999999995,32656.326299999997,171131.8736999999
MAHSEAMLES,121,24.793388429752067,11896.256871666665,-2648.083921153846,1.4810115696848514,957.9509861570251,152374.55000000002,36462.480675,115912.06932500003
MANAPPURAM,109,32.11009174311927,8735.543348857142,-2546.1777080405395,1.6226973848666888,1076.3932735321105,150224.13000000003,32897.263184999996,117326.86681500003
MANKIND,39,35.8974358974359,4841.378455357143,-2975.8677099999995,0.9110525733013852,-169.67677884615392,4977.150000000001,11594.544375,-6617.3943750000035
MANORAMA,55,36.36363636363637,12147.823431250003,-3348.4991885714285,2.0730521342151556,2286.527218636364,142402.95000000007,16643.952975,125758.99702500003
MANYAVAR,54,20.37037037037037,9620.45845,-2303.909928488372,1.0682047418754104,125.12807453703711,22905.34999999999,16148.433974999998,6756.916025000004
MAPMYINDIA,56,28.57142857142857,6942.659181249999,-2687.374985625,1.0333740871127968,64.063347767857,20283.249999999996,16695.702525,3587.547474999992
MARICO,120,29.166666666666668,3881.736774285713,-1789.0095070588234,0.8934341572081512,-135.0418416666667,19730.499999999996,35935.52099999999,-16205.021000000002
MARKSANS,98,26.53061224489796,16867.41918403846,-3821.0059541666674,1.5940861009344862,1667.7598988265302,193116.57,29676.099915000003,163440.47008499995
MASTEK,115,26.08695652173913,13201.791028333333,-2824.1274679411777,1.649874416063671,1356.5469223913035,190489.1499999999,34486.253925,156002.8960749999
MCX,113,30.08849557522124,11788.13775882353,-3010.0595341772155,1.6854735551569677,1442.4954035398227,197098.59999999998,34096.619399999996,163001.98059999998
MEDANTA,54,33.33333333333333,9176.481362500002,-2768.9161305555554,1.657052964016435,1212.8830337962975,81735.55000000005,16239.866175000001,65495.68382500006
MEDPLUS,74,20.27027027027027,5352.613509999999,-1986.1528131355917,0.6851607460515359,-498.5650449324315,-14806.949999999939,22086.863325000002,-36893.81332499993
METROPOLIS,101,31.683168316831683,7228.877257812501,-2348.537365217391,1.4274939099900419,685.8910301980201,99662.50000000003,30387.50595,69274.99405000002
MFSL,104,27.884615384615387,8242.816791379308,-2539.064225333333,1.2552744672097618,467.4218274038457,79789.29999999996,31177.42995,48611.870049999954
MGL,109,29.357798165137616,5886.733923437501,-2726.2705337662346,0.8973558738842675,-197.6820692660553,11002.299999999974,32549.645549999997,-21547.345550000027
MIDHANI,98,30.612244897959183,11286.989074999998,-3328.3793000735286,1.496089704549738,1145.713059642857,141856.83,29576.950155000002,112279.87984499999
MINDACORP,130,25.384615384615383,7748.187279545453,-2575.1383690721646,1.0236270295575403,45.39814173076867,44915.04999999993,39013.291574999996,5901.758424999927
MMTC,105,26.666666666666668,14876.681685535714,-3692.296447987013,1.4651322035783958,1259.4310542857136,163979.58000000002,31739.3193,132240.26069999993
MOIL,111,26.126126126126124,7835.669344827585,-2847.719803658536,0.9731123652328328,-56.56408018018009,27023.80000000002,33302.4129,-6278.61289999999
MOTILALOFS,107,29.906542056074763,12059.463645312499,-2776.5244053333336,1.8531697922228814,1660.4066004672895,210015.29999999996,32351.79375,177663.50624999998
MPHASIS,118,27.11864406779661,8600.653665625,-2678.298077325581,1.19487940924567,380.40070042372844,80092.49999999997,35205.217350000006,44887.28264999996
MRF,62,29.03225806451613,4558.959076388888,-1192.5259306818175,1.5639313704498365,477.26003911290354,43143.05000000002,13552.927575000002,29590.12242500002
MRPL,111,34.234234234234236,10623.821978815791,-3360.6884288356173,1.6455582891441771,1426.80162063063,191947.5399999999,33572.56011,158374.97988999993
MSTCLTD,93,34.40860215053764,14313.502710156248,-4004.223431967214,1.8752007376141346,2298.6500793010746,241982.65,28208.192625000007,213774.45737499994
MSUMI,59,32.20338983050847,5346.704524999999,-2390.865055875,1.0622450828558097,100.89463966101687,23684.54,17731.756260000006,5952.783739999995
NAM-INDIA,116,31.03448275862069,8948.04413125,-2618.3719587499986,1.5378334027778064,971.2054484913801,147605.45000000013,34945.617975,112659.8320250001
NATCOPHARM,122,27.049180327868854,7404.88705,-2581.9600441011235,1.06339069159459,119.40023545081978,51092.85000000003,36526.02127499999,14566.828725000012
NATIONALUM,113,31.858407079646017,8034.417017777779,-3510.39465448052,1.0700651018574354,167.59844464601804,52898.17000000006,33959.545755,18938.62424500004
NAUKRI,133,24.06015037593985,6762.159175000001,-2637.5704227722777,0.8122877989416637,-375.9813466165415,-10301.000000000015,39704.519100000005,-50005.51910000002
NAVA,119,24.369747899159663,13018.812824999999,-3234.515966388889,1.296933093779109,726.3792852941183,122282.80000000008,35843.66505,86439.13495000008
NAVINFLUOR,118,31.35593220338983,7873.097445945945,-2539.996049382716,1.415889270849454,725.1264872881354,120466.59999999996,34901.67450000001,85564.92549999998
NAZARA,67,26.865671641791046,11112.084729166667,-3193.9994933673456,1.2780184584093155,649.4261186567173,63683.20000000006,20171.65005,43511.54995000006
NBCC,105,30.476190476190478,12310.655266562499,-3583.4924804794514,1.5059196169923632,1260.4382614761905,164083.01,31736.992545,132346.017455
NCC,106,30.18867924528302,10205.8772384375,-3489.233025337838,1.2648488327594603,645.1398844811323,100313.07000000002,31928.242244999998,68384.82775500002
NEOGEN,107,32.71028037383177,8162.660411428572,-2866.598772569445,1.384204849381689,741.1028296728971,111366.65,32068.647224999997,79298.00277499999
NESCO,120,26.666666666666668,7479.375928125,-2414.91550340909,1.1262394319524953,223.56221166666708,62804.000000000044,35976.5346,26827.46540000005
NETWEB,45,26.666666666666668,20679.142195833338,-3413.035425757576,2.2032259069045588,3011.5452733333345,149083.2,13563.662699999999,135519.53730000005
NETWORK18,119,26.89075630252101,11270.154576875,-3285.0849466091954,1.2618681950561603,628.9290428991598,110698.60999999999,35856.05389499999,74842.55610500001
NEULANDLAB,94,37.234042553191486,19197.965235,-4024.1189593220324,2.830091147804993,4622.401751329787,462705.75,28199.985375000004,434505.76462499995
NEWGEN,113,29.20353982300885,14642.820612878788,-4083.364970625,1.4792122541737904,1385.3440935840702,190663.55,34119.667425,156543.88257499994
NFL,114,28.947368421052634,9808.741213636364,-3193.255415308643,1.2514357005769081,570.4804509649119,99372.49999999996,34337.728590000006,65034.77140999996
NH,127,31.496062992125985,6475.455446874999,-2373.7415919540235,1.2542312546599248,413.40708169291287,90560.74999999993,38058.050625,52502.69937499993
NHPC,121,30.57851239669421,5879.626937567568,-2032.988390357143,1.2739057867546337,386.5716685950411,83192.65999999999,36417.488099999995,46775.17189999997
NIACL,120,25.0,9176.723803166667,-3126.9319365555557,0.9782457682012746,-51.018001625000274,29894.369999999963,36016.530195,-6122.160195000033
NIVABUPA,24,25.0,6115.361904166672,-2870.05969,0.7102479349673585,-623.704291458332,-7783.2499999999745,7185.652995,-14968.902994999968
NLCINDIA,110,27.27272727272727,10581.665076833331,-3543.203339625,1.1199256783926126,309.033501227272,67069.92999999993,33076.244865,33993.68513499992
NMDC,135,22.962962962962962,13137.894012096773,-2881.2917122115377,1.359148400781235,797.1879726296295,148333.86999999997,40713.493695000005,107620.37630499998
NSLNISP,48,25.0,8206.829470416666,-3839.4031543055544,0.7125091358026507,-827.8449981249996,-25377.89999999998,14358.65991,-39736.55990999998
NTPCGREEN,19,31.57894736842105,2576.9618608333326,-2389.9347749999997,0.497656682991404,-821.441100526316,-9925.480000000003,5681.900909999999,-15607.380910000003
NUVAMA,43,27.906976744186046,12138.043070833335,-3747.7993048387093,1.2536950182139344,685.4590325581394,42371.40000000001,12896.661600000001,29474.738399999995
NUVOCO,70,27.142857142857142,5161.971809210529,-2711.996224509803,0.7091040612021159,-574.776329642856,-19304.74999999992,20929.593075000004,-40234.34307499992
NYKAA,66,24.242424242424242,7862.674134374998,-2801.4437039999993,0.8981282470204512,-216.20301590909125,5520.59999999998,19789.99905,-14269.399050000022
OBEROIRLTY,143,22.377622377622377,8584.74502109375,-2720.2825522522526,0.9097883767527933,-190.48617220279667,15469.350000000086,42708.872625,-27239.52262499992
OFSS,113,26.548672566371685,10389.365433333332,-2318.535984939759,1.6196394404457661,1055.2431526548673,152603.5,33361.02374999999,119242.47625
OIL,138,23.18840579710145,9827.823353906253,-2790.034583490566,1.063388277213377,135.84551793478335,60190.95000000008,41444.26852500001,18746.681475000103
OLAELEC,22,22.727272727272727,17725.333134,-4587.188833235293,1.1364985101406817,483.8388865909104,17268.870000000024,6624.414495,10644.455505000029
OLECTRA,94,28.723404255319153,23931.170128703703,-3535.7809485074636,2.7275174906677404,4353.662446010638,437967.0499999999,28722.780075000002,409244.269925
ONESOURCE,19,42.10526315789473,8877.269937500001,-2548.950027272727,2.5328846188050567,2262.0899578947374,48689.800000000025,5710.0908,42979.70920000001
OPTIEMUS,95,23.157894736842106,23050.35944431818,-4360.376283904109,1.593138577006225,1987.3730426315785,217579.6,28779.16095,188800.43904999996
ORIENTCEM,105,31.428571428571427,10981.53209318182,-3285.7492027777776,1.5318278720481537,1198.2534902380955,157526.59000000003,31709.973524999998,125816.61647500003
OSWALPUMPS,13,15.384615384615385,16326.820600000008,-3319.267075,0.894327804689726,-296.79204807692173,30.450000000014825,3888.746625,-3858.2966249999827
PAGEIND,112,25.892857142857146,5488.874262931033,-1885.6956448795179,1.017024908803665,23.791206249999895,30931.899999999998,28267.2849,2664.615099999988
PARADEEP,69,24.637681159420293,11852.430518529414,-3195.211656538463,1.21269996189624,512.1784445652173,56114.790000000015,20774.477325000003,35340.312674999994
PARAS,62,22.58064516129032,20914.2553125,-3668.437171875001,1.66283102231643,1882.4933891129035,135470.25,18755.659875000005,116714.59012500002
PATANJALI,86,20.930232558139537,14576.73082222222,-3517.3970408088226,1.0969891511679832,269.7460002906979,49009.65000000004,25811.493975,23198.156025000022
PAYTM,68,29.411764705882355,10727.564624999997,-3818.146560416666,1.1706775847971163,460.003788235294,51670.59999999999,20390.342399999998,31280.25759999999
PCBL,107,30.8411214953271,10393.996801363637,-3111.0600347972977,1.4898975538558674,1054.0509520560747,145071.37999999998,32287.928129999997,112783.45186999999
PCJEWELLER,93,29.03225806451613,25659.584214444443,-4591.200850454544,2.286352301956594,4191.285136129035,418316.16000000015,28526.64234,389789.51766000025
PERSISTENT,90,36.666666666666664,14539.303678787877,-2851.327028508772,2.9521312425222135,3525.2375641666663,344410.35,27138.969225,317271.38077499997
PETRONET,123,23.577235772357724,4537.434862931034,-2461.546194946808,0.5686860269661206,-811.379929268293,-63039.00000000003,36760.7313,-99799.73130000004
PFIZER,96,28.125,6252.648788888888,-2180.991614492753,1.1218239631291664,190.96974895833372,46597.40000000002,28264.3041,18333.095900000037
PGEL,84,38.095238095238095,24671.49743828125,-5192.200434615384,2.9240897290483514,6184.446374107142,545481.4500000001,25987.954575,519493.495425
PGIL,74,35.13513513513514,19919.97991346154,-4254.148206770834,2.5363453728806378,4239.464376013513,336342.24999999994,22621.886175000003,313720.36382499995
PHOENIXLTD,134,28.35820895522388,6030.557873026316,-2994.899501302083,0.7970537320874217,-435.441439925373,-18332.999999999985,40016.15295,-58349.15294999998
PIIND,104,25.0,8806.716485576924,-2535.607040384615,1.1577393953811117,299.9738411057691,62079.84999999996,30882.570525000003,31197.27947499999
PNBHOUSING,123,28.455284552845526,11041.51797,-3149.5630798295456,1.3943244563353665,888.5494140243902,146300.54999999996,37008.972075000005,109291.57792499999
PNCINFRA,114,25.438596491228072,9286.683348448272,-3202.3276847647057,0.9894046331885357,-25.2985622807021,31318.719999999958,34202.75609999999,-2884.0361000000394
PNGJL,29,34.48275862068966,3867.5672150000037,-3572.6744894736858,0.5697585095151327,-1007.0739017241377,-20557.1,8648.04315,-29205.143149999993
POLICYBZR,68,27.941176470588236,9857.723093421057,-3169.1913887755104,1.2061065284720651,470.68177536764733,52367.050000000025,20360.689275000004,32006.360725000017
POLYCAB,92,36.95652173913043,11305.000181617646,-2680.5325254310346,2.4722957132993986,2488.0339097826086,256378.40000000002,27479.2803,228899.1197
POLYMED,105,32.38095238095238,11326.058120588234,-3134.2495876760563,1.7304767825701626,1548.1357654761903,194176.54999999996,31622.294625,162554.25537499998
POONAWALLA,104,35.57692307692308,14673.270150000002,-3092.86660597015,2.619947841161967,3227.778201442307,367400.19999999995,31711.26705,335688.93294999993
POWERINDIA,88,40.909090909090914,11676.72303958333,-2820.0682822115386,2.866556541287184,3110.4372585227275,299636.6,25918.12125,273718.47875
POWERMECH,111,32.432432432432435,11753.054603472223,-2935.1787876666667,1.922017913651991,1828.5725824324322,236399.69999999998,33428.14334999999,202971.55664999998
PPLPHARMA,51,23.52941176470588,11548.57026875,-2893.9694479487193,1.22786584324764,504.27519127450984,41066.989999999976,15348.955245,25718.034755
PRAJIND,101,29.7029702970297,13250.17904583333,-3151.5927292253514,1.776456440753662,1720.220669306931,204299.0,30556.712400000004,173742.28760000004
PREMIERENE,25,28.000000000000004,8736.217325000003,-3310.4831902777773,1.026260413763358,62.59295400000124,9042.000000000033,7477.17615,1564.8238500000311
PRESTIGE,109,32.11009174311927,11435.794432857141,-3187.95090945946,1.6966452259872846,1507.7471362385315,197219.1999999999,32874.76215,164344.43784999993
PRICOLLTD,107,33.64485981308411,10840.956527083332,-4096.790804577464,1.3417387633449918,928.9933443925235,131658.6,32256.312149999998,99402.28785000001
PRIVISCL,107,28.037383177570092,12477349.40144083,-7395.68842564935,657.3160849692631,3493000.1311630844,374344405.4,593391.36555,373751014.03445005
PRSMJOHNSN,128,29.6875,7137.573648026316,-3050.398909611111,0.9879501980705362,-25.844556562499974,35120.51999999998,38428.62324,-3308.1032399999967
PRUDENT,61,37.704918032786885,9451.154300000002,-2872.9076309210523,1.9911658264955963,1773.869818442624,126553.45000000007,18347.391075,108206.05892500006
PTC,91,34.065934065934066,9846.336398709676,-2713.8956377500003,1.874528163587634,1564.8647263186813,169941.14999999997,27538.459904999996,142402.690095
PTCIL,39,23.076923076923077,19586.17098888889,-2681.246095,2.1914628827335103,2457.3886166666666,106913.6,11075.44395,95838.15605
PURVA,112,28.57142857142857,12075.51280375,-4226.742639624999,1.1427724688552459,431.0446299107139,81974.39999999997,33697.401450000005,48276.99854999996
PVRINOX,107,30.8411214953271,7505.493696212119,-2774.8356320945954,1.206213603225975,395.73322616822344,74316.19999999991,31972.7448,42343.45519999991
QUESS,104,25.0,12384.723284230771,-2853.3844217948713,1.4467875632918725,956.142504711539,130797.62000000008,31358.79951,99438.82049000006
RADICO,137,27.00729927007299,8619.846481756756,-2489.4709254999993,1.2811329369550417,510.8556735401468,111002.95000000011,41015.722725,69987.22727500011
RAILTEL,61,34.42622950819672,10669.492230476191,-3575.183650625,1.5667680232372874,1328.721160901639,99481.60999999999,18429.619185,81051.99081499998
RAIN,98,32.6530612244898,8938.255985,-3299.8350736363636,1.3133080214034716,696.2762924489797,97758.88,29523.80334,68235.07666
RAINBOW,56,39.285714285714285,5854.765338636364,-2839.7378242647083,1.3340589189918426,575.9598468749984,49033.949999999924,16780.198575,32253.751424999915
RALLIS,107,28.971962616822427,8410.756839032258,-2862.016436842104,1.198701518040677,403.92722252336506,75394.24000000005,32174.027190000004,43220.21281000006
RAMCOCEM,112,33.035714285714285,5047.0537932432435,-2457.242256000001,1.01328221312068,21.855545982142466,35960.19999999995,33512.378849999994,2447.821149999956
RATNAMANI,116,29.310344827586203,7147.177819852942,-2526.507121951221,1.172948988877848,308.8832920258611,70402.2499999999,34571.78812500001,35830.46187499989
RAYMONDLSL,33,21.21212121212121,2622.2553750000006,-3684.269176923078,0.1916233037892143,-2346.5215446969696,-67701.35000000002,9733.860975,-77435.210975
RBA,100,16.0,7309.4584625,-2901.9084299404763,0.4797800606029153,-1268.0897271500005,-96969.16999999998,29839.802714999998,-126808.97271500004
RBLBANK,117,33.33333333333333,8762.149977820514,-3483.1775680769233,1.2577811217729753,598.5982805555557,105246.23000000001,35210.231175,70035.99882500002
RCF,110,31.818181818181817,9099.812228000003,-3591.3239712666664,1.1824550148383184,446.7648194090915,82251.47000000007,33107.339864999994,49144.130135000065
REDINGTON,134,26.119402985074625,8897.53844357143,-3178.5488861111103,0.9896322227376515,-24.346971641790184,36964.0000000001,40226.4942,-3262.4941999998846
REDTAPE,33,27.27272727272727,10638.305570555553,-3071.5564860416657,1.2988087984341292,667.4968021212121,31967.919999999995,9940.52553,22027.39447
REFEX,89,25.842696629213485,37402.27889347826,-5065.31279810606,2.573212753624086,5909.458088483148,553454.4500000002,27512.680125,525941.7698750001
RELAXO,114,22.807017543859647,8176.967799038462,-2103.8793454545453,1.1483178964045588,240.87526644736812,61617.44999999995,34157.669625,27459.780374999966
RELIGARE,117,27.350427350427353,14872.665245156251,-3762.089035588235,1.4883010424539613,1334.5958958974363,191508.00000000006,35360.28018000001,156147.71982000006
RENUKA,118,20.33898305084746,21139.9166125,-3333.9579992021268,1.6189242694049544,1643.7792099576286,229705.73000000007,35739.783225,193965.94677500016
RHIM,115,33.04347826086956,6650.546798026316,-3005.227049675326,1.0921264769493508,185.37648260869548,55831.79999999997,34513.5045,21318.295499999982
RITES,105,24.761904761904763,9566.33472096154,-2625.1462470253155,1.1993289754295,393.69665933333414,72921.08000000007,31582.93077,41338.14923000008
RKFORGE,99,26.262626262626267,16992.92499423077,-3226.065460616437,1.8760545095458114,2083.9724366161618,236314.7500000001,30001.478775,206313.27122500003
ROUTE,93,18.27956989247312,8805.236797058824,-2840.1315657894734,0.6934863388625729,-711.4083166666662,-38487.19999999994,27673.77345,-66160.97344999996
RPOWER,100,33.0,20503.207175757576,-5552.546639029851,1.8187320585692406,3045.8521198500007,335085.14999999997,30499.938015,304585.21198500006
RRKABEL,35,28.57142857142857,14138.0455525,-2524.768666,2.239895598023079,2236.035396428571,88824.14999999998,10562.911125,78261.23887499998
RTNINDIA,90,23.333333333333332,47646.63410690477,-4117.145508550725,3.5221367524369205,7961.0697350555565,744608.21,28111.933845,716496.2761550001
RTNPOWER,107,19.626168224299064,32318.912181190477,-4672.9453948255805,1.6888336426571833,2587.1388023364484,309386.98,32563.128149999997,276823.85185
RVNL,92,28.26086956521739,18494.791180961536,-3427.5401223484846,2.1256722222908735,2767.9013329347817,282650.6200000001,28003.697369999998,254646.92262999993
SAFARI,89,38.20224719101123,8203.364599264707,-3112.589013636364,1.6292452427753352,1210.3595575842687,134475.64999999994,26753.649375,107722.00062499991
SAGILITY,24,20.833333333333336,3918.758574999997,-2956.603492631578,0.34879626542721226,-1524.2363952083335,-29427.53,7154.1434850000005,-36581.67348500001
SAIL,127,25.196850393700785,10948.78347125,-3163.509840736844,1.1657973138048798,392.34359220472317,88042.9199999999,38215.28379,49827.636209999844
SAILIFE,29,24.137931034482758,6539.752735714284,-2375.8546806818185,0.8758239436226536,-223.81151120689688,2178.4499999999935,8668.983825,-6490.5338250000095
SAMHI,41,29.268292682926827,8147.181263333331,-2528.655247758623,1.3332174966510706,595.9798286585345,36778.569999999905,12343.397024999998,24435.172974999914
SAMMAANCAP,110,19.090909090909093,16791.81040904761,-3613.027491573034,1.0966184391533504,282.4415621818174,64129.2999999999,33060.72816,31068.571839999913
SANDUMA,40,25.0,18618.244415,-3447.962524000001,1.7999271826385623,2068.5892107499994,94875.25999999998,12131.691569999999,82743.56842999998
SANOFICONR,35,8.571428571428571,2494.153566666669,-2478.236345312498,0.09435213768746313,-2052.031495714284,-61661.99999999994,10159.102349999997,-71821.10234999994
SANSERA,75,21.333333333333336,11719.799454687498,-2417.297409745763,1.3147950627682756,598.6165880000001,67355.69999999998,22459.4559,44896.24410000001
SAPPHIRE,79,20.253164556962027,4415.417156250001,-2082.251176666667,0.5385401138345949,-766.2677168354429,-36926.46000000001,23608.689629999997,-60535.14962999999
SARDAEN,114,30.701754385964914,14222.642942142855,-3333.6485477848114,1.8901725342106817,2056.4409447368403,269004.89999999985,34570.632300000005,234434.2676999998
SAREGAMA,110,27.27272727272727,16524.561660000003,-3328.528336249999,1.8616968210886153,2085.9507536363635,262804.70000000007,33350.1171,229454.5829
SBFC,53,13.20754716981132,3349.042149999997,-2769.559390869566,0.18401369206710927,-1961.4422062264164,-88196.08000000006,15760.356929999998,-103956.43693000007
SBICARD,83,24.096385542168676,8089.413237500002,-2236.834265079365,1.1480813462741404,251.4181451807229,45730.69999999999,24862.99395,20867.70605
SCHAEFFLER,113,30.08849557522124,7861.126045588237,-2450.487966455696,1.3806513166580534,652.1215592920357,107378.70000000003,33688.96379999999,73689.73620000004
SCHNEIDER,100,28.000000000000004,15703.619527678573,-3692.0051760416663,1.6541047096256447,1738.7697410000005,204133.70000000007,30256.725899999994,173876.97410000005
SCI,97,34.02061855670103,14971.284951666667,-3470.8631180468747,2.224106379495335,2803.2697304123712,301452.50000000006,29535.33615,271917.16385
SENCO,33,39.39393939393939,11595.156026923072,-4170.761942500001,1.8070682339117934,2040.0542272727268,77318.09999999998,9996.3105,67321.78949999998
SFL,110,26.36363636363636,7370.263437068966,-2677.117050925926,0.9856633991297838,-28.26219500000003,29791.100000000002,32899.94145,-3108.8414500000035
SHAILY,53,26.41509433962264,18613.303330357143,-4384.467806410258,1.5239474724027757,1690.4151353773568,105575.84999999989,15983.847825000004,89592.00217499991
SHAKTIPUMP,105,32.38095238095238,14982.910523529412,-3689.0766204225356,1.944908072353823,2357.090645238095,279365.5,31870.98225,247494.51775
SHARDACROP,103,20.388349514563107,20299.86083214286,-3643.4981957317063,1.4268553373640571,1238.1575283980583,158592.95000000007,31062.724574999997,127530.22542500001
SHAREINDIA,71,33.80281690140845,17134.454950416668,-3311.023587234043,2.6425389854018566,3600.1240874647888,277302.92,21694.109790000002,255608.81021
SHILPAMED,101,20.792079207920793,18906.978171428575,-3531.0717628125,1.405545427388002,1134.265352227723,145042.35000000003,30481.549425,114560.80057500003
SHRIPISTON,61,27.86885245901639,15107.615498529412,-3550.841164204546,1.6438452160681363,1649.0565942622952,118869.8,18277.347749999997,100592.45225
SHYAMMETL,73,31.506849315068493,7858.051446739131,-2737.1256665000005,1.3206202805157172,601.0808212328769,65809.3,21930.40005,43878.89995000001
SIGNATURE,30,26.666666666666668,4256.824175000001,-3056.9903556818185,0.5063594854852326,-1106.639814166667,-24291.950000000004,8907.244424999999,-33199.19442500001
SJVN,117,25.64102564102564,6824.082942166668,-2768.2041145402295,0.8500572760017807,-308.64333076923026,-1021.0799999999404,35090.1897,-36111.26969999994
SKFINDIA,103,34.95145631067961,7188.398768055556,-2006.998963432835,1.924476937472008,1206.9264572815537,155229.8,30916.374899999995,124313.42510000004
SKIPPER,111,29.72972972972973,13723.816522727275,-4705.428348717949,1.2339429350549287,773.5363427927927,119306.19999999995,33443.665949999995,85862.53404999999
SKYGOLD,41,34.146341463414636,33995.481082142855,-5743.788583333332,3.068930241998439,7825.718131707316,333639.69999999995,12785.2566,320854.4434
SMLMAH,100,38.0,11368.14694868421,-3362.3411733870976,2.072238829134477,2235.2443129999992,253741.09999999992,30216.668700000002,223524.43129999994
SOBHA,112,31.25,8837.722952142856,-2955.348823051948,1.359280083993645,729.9861066964285,115391.70000000001,33633.256049999996,81758.44394999999
SONACOMS,75,29.333333333333332,6227.658621590908,-2811.268165566037,0.9195372659882968,-159.8496413333334,10465.699999999986,22454.4231,-11988.723100000005
SONATSOFTW,128,25.0,8766.380880468747,-2451.1970895833324,1.1921224011623512,353.1974029296876,83673.85000000002,38464.582425,45209.26757500001
SOUTHBANK,110,30.909090909090907,10555.867531176471,-2966.974242105262,1.5916423281492105,1212.81321509091,166655.9000000001,33246.446339999995,133409.45366000012
SPARC,107,27.102803738317753,12582.562773793103,-2949.6028937820515,1.586021061748729,1260.0494834112146,167143.26999999996,32317.975275,134825.29472499996
SPLPETRO,62,20.967741935483872,10521.338846153843,-2024.9640367346929,1.378481573799238,605.712374193549,56183.80000000004,18629.632800000003,37554.16720000003
SRF,97,32.98969072164948,9336.95924140625,-2957.6271884615385,1.5541704766714441,1098.3188502577318,135563.14999999997,29026.221525,106536.92847499998
STAR,103,31.06796116504854,12529.583920312498,-3593.1385295774644,1.5716445019593517,1415.8626199029115,176908.29999999993,31074.450150000004,145833.84984999988
STARCEMENT,139,18.705035971223023,5992.016950384616,-2818.7173510619464,0.48912111214549453,-1170.6663306474816,-121234.97999999995,41487.63996,-162722.61995999995
STARHEALTH,68,35.294117647058826,4473.21076875,-2210.4533602272722,1.1038157106106246,148.48692058823568,30486.400000000027,20389.2894,10097.110600000025
STYRENIX,94,27.659574468085108,11423.81122884616,-3627.854235661765,1.2039976082438595,535.3723821808522,78470.05000000009,28145.046075,50325.00392500011
SUBROS,116,23.275862068965516,12379.526198148144,-3589.051864044945,1.0464007603405228,127.77234008620569,49616.19999999988,34794.60855,14821.59144999986
SUDARSCHEM,142,21.12676056338028,6258.94479083333,-2675.428924330357,0.6266296419714577,-787.8851816901408,-69514.29999999999,42365.3958,-111879.6958
SUMICHEM,95,26.31578947368421,5406.4014240000015,-2656.2775578571423,0.726903574408927,-534.5199310526313,-22374.09999999995,28405.29345,-50779.39344999997
SUNDARMFIN,127,29.92125984251969,5634.386282236842,-2262.980907022472,1.0630637721761977,100.01085039370042,50302.999999999956,37601.622,12701.377999999953
SUNTECK,105,31.428571428571427,9785.23664621212,-3280.123176388888,1.3672962533228243,826.1327678571433,118354.65000000005,31610.709375000002,86743.94062500005
SUNTV,113,28.31858407079646,5368.276989843751,-2826.3714922839504,0.7503616534135514,-505.7630725663713,-23375.59999999996,33775.6272,-57151.22719999996
SUPREMEIND,119,30.252100840336134,7185.189448611112,-2421.9349334337358,1.2867677284096906,484.4220224789915,92944.55000000003,35298.32932499999,57646.22067499999
SUPRIYA,58,34.48275862068966,11089.11787125,-2339.1663276315785,2.495067476831823,2291.276499568965,150479.85,17585.813025,132894.03697499997
SURYAROSNI,92,33.69565217391305,15765.583643870967,-3798.595435491803,2.109205376944738,2793.6822977717384,285023.05000000005,28004.278604999996,257018.77139499993
SUZLON,96,29.166666666666668,24106.516096249998,-4437.5638686764705,2.236860765044298,3887.7927877604175,402628.69000000006,29400.582374999998,373228.10762500006
SWANCORP,103,23.300970873786408,17314.89308229167,-3816.6208952531642,1.3782402883582514,1107.2270218446597,145127.59999999995,31083.216750000003,114044.38324999996
SWIGGY,28,17.857142857142858,4244.951004999994,-2881.463863478262,0.3202592430764058,-1608.8897798214305,-36719.510000000046,8329.403835000001,-45048.91383500005
SWSOLAR,104,23.076923076923077,15382.006353125,-3480.0201429999993,1.326027355105887,872.7552022596157,122088.55000000008,31322.008965,90766.54103500003
SYNGENE,119,25.210084033613445,5727.013560833333,-2297.092441292135,0.8403902144154743,-274.20857521008406,2972.1000000000186,35602.920450000005,-32630.820450000003
SYRMA,51,37.254901960784316,13496.049347368424,-4105.437850781252,1.951869591321447,2451.97894852941,140522.24999999988,15471.323625,125050.92637499991
TANLA,107,25.233644859813083,30146.6131212963,-3706.3458328124993,2.7451517983999794,4835.989604205609,550279.1,32828.21235,517450.8876500001
TARC,69,33.33333333333333,14102.413904347826,-3655.976610108695,1.928679448516569,2263.4868947101445,177138.01000000004,20957.414265,156180.59573499998
TARIL,89,26.96629213483146,25884.597006250002,-4497.463409615385,2.125062239175279,3695.451758707865,356105.35,27210.143475000004,328895.206525
TATACHEM,118,25.423728813559322,8350.460732500002,-2694.1413724431823,1.0566438740395658,113.8083152542373,48766.200000000004,35336.818799999994,13429.381200000002
TATACOMM,111,27.927927927927925,11193.64063951613,-2611.8569887500007,1.6607095129999387,1243.732438963964,171393.34999999995,33339.049275,138054.30072499998
TATAELXSI,94,24.46808510638298,16098.518135869565,-2273.390589084507,2.2939361772204765,2221.8636734042557,236802.60000000003,27947.414699999998,208855.18530000004
TATAINVEST,98,37.755102040816325,10511.270945270273,-2459.8256073770494,2.5919272142283662,2437.425131887755,268630.44999999995,29762.787075,238867.662925
TATATECH,35,11.428571428571429,13638.72160625,-2780.711300000001,0.6328722604060842,-904.2046821428581,-21228.75000000005,10418.413875,-31647.163875000035
TBOTEK,30,23.333333333333332,7123.17252142857,-2977.7758521739115,0.728034002343208,-620.8878983333325,-9703.89999999998,8922.736950000002,-18626.636949999975
TDPOWERSYS,104,37.5,11498.438876923077,-3282.5648876923065,2.101729459186409,2260.3115240384623,266636.9000000001,31564.5015,235072.3985000001
TECHNOE,109,23.853211009174313,12662.652670192307,-3074.1867548192763,1.290297046280462,679.55475940367,106843.25000000006,32771.781225,74071.46877500003
TEGA,60,43.333333333333336,6554.514090384617,-3055.050887499999,1.6406520432738143,1109.093936250001,84568.35000000005,18022.713825000003,66545.63617500007
TEJASNET,108,30.555555555555557,13322.377046212121,-3859.5610016666656,1.5187856592503721,1390.475624074074,182763.80000000002,32592.432599999996,150171.3674
TEXRAIL,87,32.18390804597701,18331.030852142856,-5026.086612881355,1.7308639780535586,2491.1465942528735,243182.92,26453.166299999993,216729.75369999997
THANGAMAYL,109,38.53211009174312,11325.362827976194,-2868.672205970149,2.474831791855185,2600.5889997706427,316438.8500000001,32974.649025000006,283464.20097500004
THELEELA,19,26.31578947368421,3307.6076650000005,-2199.817969642857,0.5369937277026144,-750.495434210526,-8588.999999999996,5670.41325,-14259.413249999994
THERMAX,127,33.85826771653544,6628.842729069769,-2642.070098809523,1.284347512375829,496.90038622047274,100891.30000000002,37784.95095,63106.34905000004
THOMASCOOK,92,28.26086956521739,13054.256768076923,-4856.140224848483,1.0589863062914144,205.49370793478334,46561.60000000009,27656.17887,18905.421130000068
THYROCARE,111,17.117117117117118,17566.09860789474,-2808.556045108696,1.291689101436012,678.997454054054,108786.29999999999,33417.5826,75368.7174
TI,102,26.47058823529412,17644.812981481482,-4404.465236866667,1.44220293082668,1432.1084091666667,176909.6900000001,30834.632264999997,146075.057735
TIINDIA,111,34.234234234234236,9461.725312499999,-2881.6198791095894,1.7092058897936402,1344.0298261261257,182409.79999999996,33222.4893,149187.31069999994
TIMETECHNO,102,28.431372549019606,12107.78054827586,-3770.768620958905,1.2755861473635188,743.7208487254901,106607.83999999997,30748.313430000002,75859.52656999999
TIMKEN,126,28.57142857142857,7083.537927083334,-2201.0775155555552,1.2872855003101402,451.6697537698419,94394.65000000002,37484.26102499999,56910.38897500008
TIPSMUSIC,86,32.55813953488372,19973.627322321427,-3473.820471551723,2.775745279659174,4160.232298546513,384114.85000000003,26334.872325,357779.97767500015
TITAGARH,94,44.680851063829785,12931.292420238093,-3409.209401442308,3.0636151044073374,3891.865880585106,394574.2499999999,28738.857224999992,365835.39277499996
TMB,46,30.434782608695656,7218.5302,-1536.1828718750003,2.0558144608430293,1128.2950195652172,65766.09999999999,13864.5291,51901.57089999999
TORNTPOWER,127,25.984251968503933,8521.355693939395,-2718.481454255318,1.1004451622102747,202.10615118110317,63710.3000000001,38042.8188,25667.481200000104
TRANSRAILL,16,25.0,9758.099849999995,-4867.66741875,0.6682255935298226,-1211.2256015625007,-14614.950000000012,4764.659624999999,-19379.609625000012
TRIDENT,118,26.27118644067797,10539.738331935485,-3176.195118103448,1.182401838116468,427.1433306355938,85927.83000000005,35524.91698500001,50402.91301500007
TRITURBINE,109,25.688073394495415,12284.216022321425,-3200.683258950617,1.3267153662150462,777.0890334862378,117528.09999999993,32825.39535,84702.70464999991
TRIVENI,124,29.03225806451613,9487.492801388888,-3524.81305340909,1.101121391774186,252.95316250000056,68629.60000000006,37263.40785,31366.192150000068
TSFINV,88,34.090909090909086,11753.502509999995,-3401.1339026724154,1.7874620711707812,1765.2194198295438,181990.6299999999,26651.321055,155339.30894499985
TTML,106,17.92452830188679,49513.70731421053,-4422.845895114942,2.4448824660404536,5245.026849952832,588648.8900000001,32676.043905000002,555972.8460950002
TVSSCS,39,20.51282051282051,4824.287694374999,-2894.5159730645178,0.43011594377143164,-1311.1716310256418,-39505.300000000025,11630.393609999997,-51135.69361000003
UBL,126,25.396825396825395,4518.25630390625,-2153.9575904255316,0.7140947493219848,-459.42707757936506,-20401.750000000004,37486.061775,-57887.811774999995
UCOBANK,111,21.62162162162162,16038.632349166664,-2926.3964742528733,1.5119107551371622,1174.1502983783785,163872.36000000004,33541.676880000006,130330.68312000002
UJJIVANSFB,87,25.287356321839084,11073.357947045455,-2979.0985348461536,1.2580670705763874,574.3962077011498,76182.16,26209.689929999997,49972.47007000003
UNOMINDA,126,26.984126984126984,8865.999011764703,-2747.927120923913,1.1923769110267595,385.9894545634915,86459.44999999994,37824.778725000004,48634.67127499993
UPL,106,30.18867924528302,6623.379603125,-2834.1698729729733,1.0105830917249383,20.939402830188314,33975.59999999996,31756.0233,2219.5766999999614
USHAMART,108,34.25925925925926,13934.153252702703,-3484.274672887325,2.0840665066618502,2483.1497090277776,301000.6499999999,32820.481425,268180.16857499996
UTIAMC,67,31.343283582089555,13020.458323809526,-2677.441280434781,2.22007568259186,2242.7959089552246,170529.40000000008,20262.0741,150267.32590000005
V2RETAIL,109,25.688073394495415,21807.21610107143,-3673.464179197529,2.0520948500099183,2872.031672614682,346260.9300000003,33209.477685,313051.45231500035
VAIBHAVGBL,126,28.57142857142857,8520.360019861113,-3270.0396124444437,1.0422332484825052,98.64599678571436,50239.10999999999,37809.714405000006,12429.395595000009
VARROC,98,28.57142857142857,12618.231525,-3200.5079628571425,1.5770286056386513,1319.1318908163278,158849.00000000012,29574.0747,129274.92530000012
VGUARD,116,28.448275862068968,5111.132109090908,-2245.4768249999997,0.9049912428513273,-152.6484213362067,17074.35000000003,34781.56687500001,-17707.216874999976
VIJAYA,74,27.027027027027028,7677.87595875,-2999.04798287037,0.9481868175307929,-113.3928635135134,13747.600000000006,22138.6719,-8391.071899999992
VIPIND,107,25.233644859813083,7536.510900000001,-2815.3102721875,0.9034785451102841,-203.16848107476588,10293.850000000075,32032.877475,-21739.027474999948
VIYASH,104,26.923076923076923,14186.423364821429,-4046.993752894737,1.2914714843348267,862.0031634134612,121008.88999999993,31360.561005000003,89648.32899499996
VMART,104,33.65384615384615,8644.420452142856,-2485.3011764492753,1.7643137159940105,1260.2782177884615,162412.59999999998,31343.66535,131068.93464999998
VMM,27,22.22222222222222,5880.2573575,-2318.8329814285707,0.7245340842440655,-496.81290611111046,-5327.849999999982,8086.098465,-13413.948464999983
VOLTAMP,87,37.93103448275862,13038.862821212122,-2877.416737962963,2.7692179033952846,3159.7927499999996,300962.39999999997,26060.43075,274901.96924999997
VOLTAS,118,27.11864406779661,6177.341064062501,-2313.9568287790707,0.993339842654757,-11.231976483050747,33930.150000000016,35255.523225,-1325.3732249999882
VTL,114,31.57894736842105,7540.1672569444445,-2593.8836371794873,1.3416473837264935,606.3429609649121,103425.49999999997,34302.40245,69123.09754999998
WAAREEENER,23,26.08695652173913,8215.027475,-2785.9793632352953,1.040718929948452,83.84850760869475,8745.549999999983,6817.034325,1928.5156749999792
WAAREERTL,23,21.73913043478261,7730.229609999999,-3136.542680555555,0.6846028323126288,-774.2008782608694,-10959.799999999992,6846.820199999999,-17806.620199999998
WABAG,124,28.225806451612907,11842.970660714287,-3837.0699056179774,1.2137772120913086,588.7479961693556,110254.05000000005,37249.298475,73004.75152500009
WEBELSOLAR,86,32.55813953488372,25636.630928214283,-5431.406375431036,2.2786556060357936,4683.7685606395335,429242.9899999999,26438.893785,402804.0962149999
WELCORP,121,29.75206611570248,11293.02189791667,-3164.590095588236,1.5113890826298424,1136.8481834710747,174042.10000000003,36483.469800000006,137558.63020000004
WELENT,108,27.77777777777778,12967.729026666668,-3332.2679323717944,1.4967548193609668,1195.5090006944445,161714.84999999998,32599.877925,129114.972075
WELSPUNLIV,105,25.71428571428571,13377.164829444442,-3382.370833269231,1.3690270182085527,927.2240514285709,129035.39999999992,31676.874600000003,97358.52539999994
WESTLIFE,95,31.57894736842105,6257.339414166667,-2858.560012692307,1.0102998690653426,20.145069473685236,30374.100000000082,28460.318399999996,1913.7816000000976
WHIRLPOOL,95,29.47368421052631,8570.070135714286,-2237.2623697761187,1.60085017123834,948.0566844736842,118455.55000000005,28390.164975,90065.385025
WOCKPHARMA,115,26.08695652173913,17222.090204166663,-3428.0230217647054,1.7731458450976492,1958.9630371739133,260061.05,34780.300725,225280.74927500004
YATHARTH,39,30.76923076923077,11103.442900000002,-3087.4267574074092,1.5983742769836724,1278.9946756410245,61643.19999999996,11762.407649999997,49880.79234999996
YESBANK,91,24.175824175824175,12826.826990681817,-5059.609831811595,0.8083059938411103,-735.4163142857146,-39688.320000000014,27234.5646,-66922.88460000003
ZAGGLE,44,20.454545454545457,15348.67203611111,-4152.510410142858,0.9504615258938036,-163.63218250000048,5987.619999999981,13187.436029999999,-7199.816030000022
ZEEL,115,19.130434782608695,12627.799042045453,-3315.6972542473127,0.9009330616469572,-265.6370932173923,3916.9199999999237,34465.185719999994,-30548.265720000112
ZENSARTECH,128,24.21875,12470.351849193548,-2785.955185824743,1.4305219979439239,908.9316742187498,154891.69999999995,38548.4457,116343.25429999997
ZENTEC,124,28.225806451612907,17812.09736,-3451.2140606741573,2.0296502232596207,2550.5270661290324,353907.0,37641.6438,316265.35620000004
ZFCVINDIA,134,27.611940298507463,4557.556405405406,-2044.0508453608245,0.8504922245261397,-221.21899253731345,10247.999999999996,39891.345,-29643.345
ZYDUSWELL,138,25.36231884057971,6384.2584428571445,-2276.150278640777,0.9531041201872426,-79.6698057971017,30380.199999999986,41374.6332,-10994.433200000036
