symbol,rows,first_date,last_date
360ONE,1683,2019-09-19,2026-07-03
3MINDIA,1978,2018-07-05,2026-07-03
ACC,1978,2018-07-05,2026-07-03
ACMESOLAR,404,2024-11-13,2026-07-03
AIAENG,1978,2018-07-05,2026-07-03
APLAPOLLO,1978,2018-07-05,2026-07-03
ASKAUTOLTD,652,2023-11-15,2026-07-03
AUBANK,1978,2018-07-05,2026-07-03
AWL,1019,2022-02-08,2026-07-03
AXISCADES,1978,2018-07-05,2026-07-03
AADHARHFC,530,2024-05-15,2026-07-03
AARTIDRUGS,1978,2018-07-05,2026-07-03
AARTIIND,1978,2018-07-05,2026-07-03
AARTIPHARM,848,2023-01-30,2026-07-03
AAVAS,1916,2018-10-08,2026-07-03
ABBOTINDIA,1978,2018-07-05,2026-07-03
ACE,1978,2018-07-05,2026-07-03
ACUTAAS,1191,2021-09-14,2026-07-03
ATGL,1897,2018-11-05,2026-07-03
ABCAPITAL,1978,2018-07-05,2026-07-03
ABFRL,1978,2018-07-05,2026-07-03
ABLBL,255,2025-06-23,2026-07-03
ABREL,1978,2018-07-05,2026-07-03
ABSLAMC,1172,2021-10-11,2026-07-03
CPPLUS,224,2025-08-05,2026-07-03
AVL,409,2024-11-06,2026-07-03
ADVENZYMES,1978,2018-07-05,2026-07-03
AEGISLOG,1978,2018-07-05,2026-07-03
AEGISVOPAK,270,2025-06-02,2026-07-03
AEQUS,138,2025-12-10,2026-07-03
AETHER,1012,2022-06-03,2026-07-03
AFCONS,411,2024-11-04,2026-07-03
AFFLE,1710,2019-08-08,2026-07-03
AHLUCONT,1978,2018-07-05,2026-07-03
AJANTPHARM,1978,2018-07-05,2026-07-03
AKUMS,473,2024-08-06,2026-07-03
APLLTD,1978,2018-07-05,2026-07-03
ALIVUS,1222,2018-08-07,2026-07-03
ALKEM,1978,2018-07-05,2026-07-03
ALKYLAMINE,1978,2018-07-05,2026-07-03
ABDL,497,2024-07-02,2026-07-03
ALOKINDS,1579,2020-02-19,2026-07-03
ARE&M,1978,2018-07-05,2026-07-03
AMBER,1978,2018-07-05,2026-07-03
ANANDRATHI,1129,2021-12-14,2026-07-03
ANANTRAJ,1978,2018-07-05,2026-07-03
ANGELONE,1425,2020-10-05,2026-07-03
ANTHEM,235,2025-07-21,2026-07-03
ANURAS,1307,2021-03-24,2026-07-03
APARINDS,1978,2018-07-05,2026-07-03
APOLLO,1978,2018-07-05,2026-07-03
APOLLOTYRE,1978,2018-07-05,2026-07-03
APTUS,1205,2021-08-24,2026-07-03
ACI,897,2022-11-21,2026-07-03
ARVINDFASN,1813,2019-03-08,2026-07-03
ARVIND,1978,2018-07-05,2026-07-03
ASAHIINDIA,1978,2018-07-05,2026-07-03
ASHAPURMIN,1978,2018-07-05,2026-07-03
ASHOKLEY,1978,2018-07-05,2026-07-03
ASHOKA,1978,2018-07-05,2026-07-03
ASTERDM,1978,2018-07-05,2026-07-03
ASTRAMICRO,1978,2018-07-05,2026-07-03
ASTRAL,1978,2018-07-05,2026-07-03
ATHERENERG,289,2025-05-06,2026-07-03
ATLANTAELE,187,2025-09-29,2026-07-03
ATUL,1978,2018-07-05,2026-07-03
AURIONPRO,1978,2018-07-05,2026-07-03
AUROPHARMA,1978,2018-07-05,2026-07-03
AIIL,545,2024-04-23,2026-07-03
AVALON,797,2023-04-18,2026-07-03
AVANTIFEED,1978,2018-07-05,2026-07-03
CCAVENUE,1978,2018-07-05,2026-07-03
AWFIS,519,2024-05-30,2026-07-03
AZAD,623,2023-12-28,2026-07-03
BEML,1978,2018-07-05,2026-07-03
BLS,1978,2018-07-05,2026-07-03
BSE,1978,2018-07-05,2026-07-03
BAJAJELEC,1978,2018-07-05,2026-07-03
BAJAJHFL,445,2024-09-16,2026-07-03
BALAMINES,1978,2018-07-05,2026-07-03
BALKRISIND,1978,2018-07-05,2026-07-03
BALRAMCHIN,1978,2018-07-05,2026-07-03
BALUFORGE,541,2024-04-29,2026-07-03
BANCOINDIA,1978,2018-07-05,2026-07-03
BANDHANBNK,1978,2018-07-05,2026-07-03
BANKINDIA,1978,2018-07-05,2026-07-03
MAHABANK,1978,2018-07-05,2026-07-03
BATAINDIA,1978,2018-07-05,2026-07-03
BAYERCROP,1978,2018-07-05,2026-07-03
BELRISE,273,2025-05-28,2026-07-03
BERGEPAINT,1978,2018-07-05,2026-07-03
BDL,1978,2018-07-05,2026-07-03
BHARATFORG,1978,2018-07-05,2026-07-03
BHEL,1978,2018-07-05,2026-07-03
BHARTIHEXA,551,2024-04-12,2026-07-03
BIKAJI,900,2022-11-16,2026-07-03
GROWW,158,2025-11-12,2026-07-03
BIOCON,1978,2018-07-05,2026-07-03
BIRLACORPN,1978,2018-07-05,2026-07-03
BSOFT,1978,2018-07-05,2026-07-03
BBOX,1978,2018-07-05,2026-07-03
BLACKBUCK,399,2024-11-22,2026-07-03
BLUEDART,1978,2018-07-05,2026-07-03
BLUEJET,662,2023-11-01,2026-07-03
BLUESTARCO,1978,2018-07-05,2026-07-03
BLUESTONE,215,2025-08-19,2026-07-03
BBTC,1978,2018-07-05,2026-07-03
BORORENEW,1978,2018-07-05,2026-07-03
FIRSTCRY,468,2024-08-13,2026-07-03
BRIGADE,1978,2018-07-05,2026-07-03
MAPMYINDIA,1124,2021-12-21,2026-07-03
CCL,1978,2018-07-05,2026-07-03
CESC,1978,2018-07-05,2026-07-03
CIEINDIA,1978,2018-07-05,2026-07-03
CMSINFO,1116,2021-12-31,2026-07-03
CORONA,135,2025-12-15,2026-07-03
CRISIL,1978,2018-07-05,2026-07-03
CSBBANK,1634,2019-12-04,2026-07-03
CAMPUS,1031,2022-05-09,2026-07-03
CANFINHOME,1978,2018-07-05,2026-07-03
CANHLIFE,174,2025-10-17,2026-07-03
CRAMC,175,2025-10-16,2026-07-03
CAPILLARY,151,2025-11-21,2026-07-03
CAPLIPOINT,1978,2018-07-05,2026-07-03
CGCL,1978,2018-07-05,2026-07-03
CARBORUNIV,1978,2018-07-05,2026-07-03
CARTRADE,1207,2021-08-20,2026-07-03
CASTROLIND,1978,2018-07-05,2026-07-03
CEATLTD,1978,2018-07-05,2026-07-03
CELLO,659,2023-11-06,2026-07-03
CEMPRO,1978,2018-07-05,2026-07-03
CENTRALBK,1978,2018-07-05,2026-07-03
CDSL,1978,2018-07-05,2026-07-03
CENTURYPLY,1978,2018-07-05,2026-07-03
CERA,1978,2018-07-05,2026-07-03
CHALET,1833,2019-02-07,2026-07-03
CHAMBLFERT,1978,2018-07-05,2026-07-03
CHENNPETRO,1978,2018-07-05,2026-07-03
CHOICEIN,1049,2022-04-08,2026-07-03
CHOLAHLDNG,1978,2018-07-05,2026-07-03
CUB,1978,2018-07-05,2026-07-03
CLEAN,1229,2021-07-19,2026-07-03
COCHINSHIP,1978,2018-07-05,2026-07-03
COFORGE,1978,2018-07-05,2026-07-03
COHANCE,1567,2020-03-09,2026-07-03
COLPAL,1978,2018-07-05,2026-07-03
CAMS,1425,2020-10-05,2026-07-03
CONCORDBIO,712,2023-08-18,2026-07-03
CONCOR,1978,2018-07-05,2026-07-03
COROMANDEL,1978,2018-07-05,2026-07-03
CRAFTSMAN,1306,2021-03-25,2026-07-03
CREDITACC,1945,2018-08-23,2026-07-03
CRIZAC,243,2025-07-09,2026-07-03
CROMPTON,1978,2018-07-05,2026-07-03
CUPID,1978,2018-07-05,2026-07-03
CYIENT,1978,2018-07-05,2026-07-03
DCBBANK,1978,2018-07-05,2026-07-03
DCMSHRIRAM,1978,2018-07-05,2026-07-03
DOMS,628,2023-12-20,2026-07-03
DABUR,1978,2018-07-05,2026-07-03
DALBHARAT,1835,2019-02-05,2026-07-03
DATAPATTNS,1121,2021-12-24,2026-07-03
DATAMATICS,1978,2018-07-05,2026-07-03
DEEPAKFERT,1978,2018-07-05,2026-07-03
DEEPAKNTR,1978,2018-07-05,2026-07-03
DELHIVERY,1020,2022-05-24,2026-07-03
DEVYANI,1210,2021-08-16,2026-07-03
DIACABS,690,2023-09-18,2026-07-03
DBL,1978,2018-07-05,2026-07-03
DIXON,1978,2018-07-05,2026-07-03
AGARWALEYE,347,2025-02-04,2026-07-03
LALPATHLAB,1978,2018-07-05,2026-07-03
DYNAMATECH,1978,2018-07-05,2026-07-03
EIDPARRY,1978,2018-07-05,2026-07-03
EIHOTEL,1978,2018-07-05,2026-07-03
EPL,1978,2018-07-05,2026-07-03
EDELWEISS,1978,2018-07-05,2026-07-03
ELECON,1978,2018-07-05,2026-07-03
EMIL,920,2022-10-17,2026-07-03
ELECTCAST,1978,2018-07-05,2026-07-03
ELGIEQUIP,1978,2018-07-05,2026-07-03
ELLEN,249,2025-07-01,2026-07-03
EMAMILTD,1978,2018-07-05,2026-07-03
EMBDL,1966,2018-07-05,2026-07-03
EMCURE,491,2024-07-10,2026-07-03
EMMVEE,154,2025-11-18,2026-07-03
ENDURANCE,1978,2018-07-05,2026-07-03
ENGINERSIN,1978,2018-07-05,2026-07-03
ENTERO,588,2024-02-16,2026-07-03
EIEL,394,2024-11-29,2026-07-03
EQUITASBNK,1405,2020-11-02,2026-07-03
ERIS,1978,2018-07-05,2026-07-03
ESCORTS,1978,2018-07-05,2026-07-03
ETHOSLTD,1016,2022-05-30,2026-07-03
EUREKAFORB,448,2024-09-11,2026-07-03
EXIDEIND,1978,2018-07-05,2026-07-03
NYKAA,1152,2021-11-10,2026-07-03
FEDFINA,642,2023-11-30,2026-07-03
FEDERALBNK,1979,2018-07-05,2026-07-03
FACT,1978,2018-07-05,2026-07-03
FIEMIND,1978,2018-07-05,2026-07-03
FINCABLES,1978,2018-07-05,2026-07-03
FINPIPE,1978,2018-07-05,2026-07-03
FSL,1978,2018-07-05,2026-07-03
FIVESTAR,897,2022-11-21,2026-07-03
FORCEMOT,1628,2019-08-20,2026-07-03
FORTIS,1978,2018-07-05,2026-07-03
UTLSOLAR,152,2025-11-20,2026-07-03
GVT&D,1978,2018-07-05,2026-07-03
GHCL,1978,2018-07-05,2026-07-03
GMMPFAUDLR,1978,2018-07-05,2026-07-03
GMRAIRPORT,1978,2018-07-05,2026-07-03
GMRP&UI,1061,2022-03-23,2026-07-03
GABRIEL,1978,2018-07-05,2026-07-03
GALLANTT,1978,2018-07-05,2026-07-03
GRSE,1914,2018-10-10,2026-07-03
GRWRHITECH,1093,2022-02-03,2026-07-03
GICRE,1978,2018-07-05,2026-07-03
GILLETTE,1978,2018-07-05,2026-07-03
GLAND,1391,2020-11-20,2026-07-03
GLAXO,1978,2018-07-05,2026-07-03
GLENMARK,1978,2018-07-05,2026-07-03
MEDANTA,900,2022-11-16,2026-07-03
GODIGIT,524,2024-05-23,2026-07-03
GPIL,1978,2018-07-05,2026-07-03
GODFRYPHLP,1978,2018-07-05,2026-07-03
GODREJAGRO,1978,2018-07-05,2026-07-03
GODREJIND,1978,2018-07-05,2026-07-03
GODREJPROP,1978,2018-07-05,2026-07-03
GOKEX,1978,2018-07-05,2026-07-03
GOKULAGRO,1946,2018-07-05,2026-07-03
GRANULES,1978,2018-07-05,2026-07-03
GRAPHITE,1978,2018-07-05,2026-07-03
GRAVITA,1978,2018-07-05,2026-07-03
GESHIP,1978,2018-07-05,2026-07-03
GREAVESCOT,1978,2018-07-05,2026-07-03
GAEL,1978,2018-07-05,2026-07-03
FLUOROCHEM,1667,2019-10-16,2026-07-03
GMDCLTD,1978,2018-07-05,2026-07-03
GNFC,1978,2018-07-05,2026-07-03
GPPL,1978,2018-07-05,2026-07-03
GSFC,1978,2018-07-05,2026-07-03
HEG,1978,2018-07-05,2026-07-03
HGINFRA,1978,2018-07-05,2026-07-03
HBLENGINE,1978,2018-07-05,2026-07-03
HDBFS,248,2025-07-02,2026-07-03
HFCL,1978,2018-07-05,2026-07-03
HAPPSTMNDS,1436,2020-09-17,2026-07-03
HAVELLS,1978,2018-07-05,2026-07-03
HCG,1978,2018-07-05,2026-07-03
HEMIPROP,1412,2020-10-22,2026-07-03
HERITGFOOD,1978,2018-07-05,2026-07-03
HEROMOTOCO,1978,2018-07-05,2026-07-03
HEXT,336,2025-02-19,2026-07-03
HSCL,1978,2018-07-05,2026-07-03
HCC,1978,2018-07-05,2026-07-03
HINDCOPPER,1978,2018-07-05,2026-07-03
HINDPETRO,1978,2018-07-05,2026-07-03
POWERINDIA,1553,2020-03-30,2026-07-03
HOMEFIRST,1358,2018-07-05,2026-07-03
HONASA,658,2023-11-07,2026-07-03
HONAUT,1978,2018-07-05,2026-07-03
HUDCO,1978,2018-07-05,2026-07-03
ICICIGI,1978,2018-07-05,2026-07-03
ICICIAMC,131,2025-12-19,2026-07-03
ICICIPRULI,1978,2018-07-05,2026-07-03
IDBI,1978,2018-07-05,2026-07-03
IDFCFIRSTB,1978,2018-07-05,2026-07-03
IFBIND,1978,2018-07-05,2026-07-03
IFCI,1978,2018-07-05,2026-07-03
IIFLCAPS,1683,2019-09-20,2026-07-03
IIFL,1978,2018-07-05,2026-07-03
INOXINDIA,627,2023-12-21,2026-07-03
IRB,1978,2018-07-05,2026-07-03
IRCON,1921,2018-09-28,2026-07-03
ITCHOTELS,352,2025-01-29,2026-07-03
ITI,1978,2018-07-05,2026-07-03
INDGN,532,2024-05-13,2026-07-03
INDIACEM,1978,2018-07-05,2026-07-03
INDIAGLYCO,1978,2018-07-05,2026-07-03
INDIASHLTR,628,2023-12-20,2026-07-03
INDIAMART,1735,2019-07-04,2026-07-03
INDIANB,1978,2018-07-05,2026-07-03
IEX,1978,2018-07-05,2026-07-03
IMFA,1978,2018-07-05,2026-07-03
IOB,1978,2018-07-05,2026-07-03
IRCTC,1669,2019-10-14,2026-07-03
IREDA,643,2023-11-29,2026-07-03
INDIGOPNTS,1362,2018-07-24,2026-07-03
ICIL,1978,2018-07-05,2026-07-03
IGL,1978,2018-07-05,2026-07-03
INDUSTOWER,1978,2018-07-05,2026-07-03
INDUSINDBK,1978,2018-07-05,2026-07-03
NAUKRI,1978,2018-07-05,2026-07-03
INOXGREEN,895,2022-11-23,2026-07-03
INOXWIND,1978,2018-07-05,2026-07-03
INTELLECT,1978,2018-07-05,2026-07-03
IGIL,379,2024-12-20,2026-07-03
IKS,380,2024-12-19,2026-07-03
IONEXCHANG,1080,2022-02-22,2026-07-03
IPCALAB,1978,2018-07-05,2026-07-03
JBCHEPHARM,1978,2018-07-05,2026-07-03
JKCEMENT,1978,2018-07-05,2026-07-03
JBMA,1978,2018-07-05,2026-07-03
JKLAKSHMI,1978,2018-07-05,2026-07-03
JKPAPER,1978,2018-07-05,2026-07-03
JKTYRE,1978,2018-07-05,2026-07-03
JMFINANCIL,1978,2018-07-05,2026-07-03
JSWCEMENT,217,2025-08-14,2026-07-03
JSWDULUX,1978,2018-07-05,2026-07-03
JSWENERGY,1978,2018-07-05,2026-07-03
JSWINFRA,682,2023-10-03,2026-07-03
JAINREC,185,2025-10-01,2026-07-03
JPPOWER,1978,2018-07-05,2026-07-03
J&KBANK,1978,2018-07-05,2026-07-03
JAMNAAUTO,1978,2018-07-05,2026-07-03
JSFB,590,2024-02-14,2026-07-03
JAYNECOIND,1934,2018-07-05,2026-07-03
JSLL,1031,2022-04-19,2026-07-03
JINDALSAW,1978,2018-07-05,2026-07-03
JSL,1978,2018-07-05,2026-07-03
JUBLFOOD,1978,2018-07-05,2026-07-03
JUBLINGREA,1310,2021-03-19,2026-07-03
JUBLPHARMA,1978,2018-07-05,2026-07-03
JLHL,691,2023-09-18,2026-07-03
JWL,1921,2018-07-05,2026-07-03
JUSTDIAL,1978,2018-07-05,2026-07-03
JYOTHYLAB,1978,2018-07-05,2026-07-03
JYOTICNC,610,2024-01-16,2026-07-03
KPRMILL,1978,2018-07-05,2026-07-03
KEI,1978,2018-07-05,2026-07-03
KNRCON,1978,2018-07-05,2026-07-03
KPIGREEN,1224,2021-07-27,2026-07-03
KPITTECH,1785,2019-04-22,2026-07-03
KRBL,1978,2018-07-05,2026-07-03
KSB,1978,2018-07-05,2026-07-03
KAJARIACER,1978,2018-07-05,2026-07-03
KPIL,1978,2018-07-05,2026-07-03
KEC,1978,2018-07-05,2026-07-03
KFINTECH,869,2022-12-29,2026-07-03
KIRLOSBROS,1978,2018-07-05,2026-07-03
KIRLOSENG,1978,2018-07-05,2026-07-03
KIRLPNU,791,2023-04-26,2026-07-03
KITEX,1978,2018-07-05,2026-07-03
KIMS,1244,2021-06-28,2026-07-03
LTF,1978,2018-07-05,2026-07-03
LTTS,1978,2018-07-05,2026-07-03
LGEINDIA,177,2025-10-14,2026-07-03
LICHSGFIN,1978,2018-07-05,2026-07-03
LTFOODS,1978,2018-07-05,2026-07-03
LATENTVIEW,1160,2019-02-22,2026-07-03
LAURUSLABS,1978,2018-07-05,2026-07-03
LXCHEM,1306,2021-03-25,2026-07-03
IXIGO,507,2024-06-18,2026-07-03
THELEELA,270,2025-06-02,2026-07-03
LEMONTREE,1978,2018-07-05,2026-07-03
LENSKART,160,2025-11-10,2026-07-03
LICI,1025,2022-05-17,2026-07-03
LINDEINDIA,1978,2018-07-05,2026-07-03
LLOYDSENGG,1978,2018-07-05,2026-07-03
LLOYDSENT,423,2024-10-17,2026-07-03
LLOYDSME,735,2023-07-17,2026-07-03
LUMAXTECH,1978,2018-07-05,2026-07-03
LUPIN,1978,2018-07-05,2026-07-03
MMTC,1978,2018-07-05,2026-07-03
MOIL,1978,2018-07-05,2026-07-03
MRF,1978,2018-07-05,2026-07-03
MSTCLTD,1799,2019-03-29,2026-07-03
MGL,1978,2018-07-05,2026-07-03
MAHSCOOTER,1975,2018-07-05,2026-07-03
MAHSEAMLES,1978,2018-07-05,2026-07-03
M&MFIN,1978,2018-07-05,2026-07-03
MANAPPURAM,1978,2018-07-05,2026-07-03
MRPL,1978,2018-07-05,2026-07-03
MANKIND,783,2023-05-09,2026-07-03
MANORAMA,992,2022-07-01,2026-07-03
MARICO,1978,2018-07-05,2026-07-03
MARKSANS,1978,2018-07-05,2026-07-03
MASTEK,1978,2018-07-05,2026-07-03
MFSL,1978,2018-07-05,2026-07-03
MEDPLUS,1122,2021-12-23,2026-07-03
MEESHO,138,2025-12-10,2026-07-03
METROPOLIS,1788,2019-04-15,2026-07-03
MINDACORP,1978,2018-07-05,2026-07-03
MIDHANI,1978,2018-07-05,2026-07-03
MSUMI,1058,2022-03-28,2026-07-03
MOTILALOFS,1978,2018-07-05,2026-07-03
MPHASIS,1978,2018-07-05,2026-07-03
BECTORFOOD,1368,2020-12-24,2026-07-03
MCX,1978,2018-07-05,2026-07-03
NATCOPHARM,1978,2018-07-05,2026-07-03
NBCC,1978,2018-07-05,2026-07-03
NCC,1978,2018-07-05,2026-07-03
NEOGEN,1775,2019-05-08,2026-07-03
NESCO,1978,2018-07-05,2026-07-03
NHPC,1978,2018-07-05,2026-07-03
NLCINDIA,1978,2018-07-05,2026-07-03
NMDC,1978,2018-07-05,2026-07-03
NSLNISP,833,2023-02-20,2026-07-03
NTPCGREEN,396,2024-11-27,2026-07-03
NH,1978,2018-07-05,2026-07-03
NATIONALUM,1978,2018-07-05,2026-07-03
NFL,1978,2018-07-05,2026-07-03
NAVA,1978,2018-07-05,2026-07-03
NAVINFLUOR,1978,2018-07-05,2026-07-03
NAZARA,1304,2021-03-30,2026-07-03
NETWEB,727,2023-07-27,2026-07-03
NETWORK18,1978,2018-07-05,2026-07-03
NEULANDLAB,1978,2018-07-05,2026-07-03
NEWGEN,1978,2018-07-05,2026-07-03
NAM-INDIA,1978,2018-07-05,2026-07-03
NIVABUPA,403,2024-11-14,2026-07-03
NUVAMA,686,2023-09-26,2026-07-03
NUVOCO,1206,2021-08-23,2026-07-03
OBEROIRLTY,1978,2018-07-05,2026-07-03
OIL,1978,2018-07-05,2026-07-03
OLAELEC,470,2024-08-09,2026-07-03
OLECTRA,1978,2018-07-05,2026-07-03
PAYTM,1146,2021-11-18,2026-07-03
ONESOURCE,355,2025-01-24,2026-07-03
OPTIEMUS,1977,2018-07-05,2026-07-03
OFSS,1978,2018-07-05,2026-07-03
ORIENTCEM,1978,2018-07-05,2026-07-03
ORKLAINDIA,162,2025-11-06,2026-07-03
OSWALPUMPS,256,2025-06-20,2026-07-03
PNGJL,444,2024-09-17,2026-07-03
POLICYBZR,1149,2021-11-15,2026-07-03
PCJEWELLER,1978,2018-07-05,2026-07-03
PCBL,1978,2018-07-05,2026-07-03
PGEL,1978,2018-07-05,2026-07-03
PIIND,1978,2018-07-05,2026-07-03
PNBHOUSING,1978,2018-07-05,2026-07-03
PNCINFRA,1978,2018-07-05,2026-07-03
PTC,1978,2018-07-05,2026-07-03
PTCIL,760,2023-06-09,2026-07-03
PVRINOX,1978,2018-07-05,2026-07-03
PAGEIND,1978,2018-07-05,2026-07-03
PARADEEP,1017,2022-05-27,2026-07-03
PARAS,1178,2021-10-01,2026-07-03
PARKHOSPS,133,2025-12-17,2026-07-03
PATANJALI,1597,2020-01-27,2026-07-03
PGIL,1978,2018-07-05,2026-07-03
PERSISTENT,1978,2018-07-05,2026-07-03
PETRONET,1978,2018-07-05,2026-07-03
PFIZER,1978,2018-07-05,2026-07-03
PHOENIXLTD,1978,2018-07-05,2026-07-03
PWL,154,2025-11-18,2026-07-03
PICCADIL,248,2025-07-02,2026-07-03
PINELABS,156,2025-11-14,2026-07-03
PIRAMALFIN,161,2025-11-07,2026-07-03
PPLPHARMA,918,2022-10-19,2026-07-03
POLYMED,1978,2018-07-05,2026-07-03
POLYCAB,1787,2019-04-16,2026-07-03
POONAWALLA,1978,2018-07-05,2026-07-03
POWERMECH,1978,2018-07-05,2026-07-03
PRAJIND,1978,2018-07-05,2026-07-03
PREMIERENE,454,2024-09-03,2026-07-03
PRESTIGE,1978,2018-07-05,2026-07-03
PRICOLLTD,1978,2018-07-05,2026-07-03
PRSMJOHNSN,1978,2018-07-05,2026-07-03
PRIVISCL,1978,2018-07-05,2026-07-03
PRUDENT,1022,2022-05-20,2026-07-03
PURVA,1978,2018-07-05,2026-07-03
QUESS,1978,2018-07-05,2026-07-03
RRKABEL,690,2023-09-20,2026-07-03
RBLBANK,1978,2018-07-05,2026-07-03
RHIM,1978,2018-07-05,2026-07-03
RITES,1978,2018-07-05,2026-07-03
RADICO,1978,2018-07-05,2026-07-03
RVNL,1790,2019-04-11,2026-07-03
RAILTEL,1324,2021-02-26,2026-07-03
RAIN,1978,2018-07-05,2026-07-03
RAINBOW,1069,2019-04-01,2026-07-03
RALLIS,1978,2018-07-05,2026-07-03
RKFORGE,1978,2018-07-05,2026-07-03
RCF,1978,2018-07-05,2026-07-03
RATNAMANI,1978,2018-07-05,2026-07-03
RTNINDIA,1953,2018-07-05,2026-07-03
RTNPOWER,1978,2018-07-05,2026-07-03
RAYMONDLSL,452,2024-09-05,2026-07-03
REDINGTON,1978,2018-07-05,2026-07-03
REDTAPE,716,2023-08-11,2026-07-03
REFEX,1952,2018-07-05,2026-07-03
RELAXO,1978,2018-07-05,2026-07-03
RPOWER,1978,2018-07-05,2026-07-03
RELIGARE,1978,2018-07-05,2026-07-03
RBA,1376,2020-12-14,2026-07-03
ROUTE,1434,2020-09-21,2026-07-03
RUBICON,175,2025-10-16,2026-07-03
SBFC,714,2023-08-16,2026-07-03
SBICARD,1563,2020-03-16,2026-07-03
SJVN,1978,2018-07-05,2026-07-03
SKFINDUS,141,2025-12-05,2026-07-03
SKFINDIA,1978,2018-07-05,2026-07-03
SKYGOLD,863,2023-01-06,2026-07-03
SMLMAH,1978,2018-07-05,2026-07-03
SRF,1978,2018-07-05,2026-07-03
SAATVIKGL,188,2025-09-26,2026-07-03
SAFARI,1689,2019-09-12,2026-07-03
SAGILITY,405,2024-11-12,2026-07-03
SAILIFE,381,2024-12-18,2026-07-03
SAMHI,688,2023-09-22,2026-07-03
SAMMAANCAP,1978,2018-07-05,2026-07-03
SANDUMA,698,2023-09-07,2026-07-03
SANOFICONR,446,2024-09-13,2026-07-03
SANSERA,1183,2021-09-24,2026-07-03
SAPPHIRE,1146,2021-11-18,2026-07-03
SARDAEN,1978,2018-07-05,2026-07-03
SAREGAMA,1978,2018-07-05,2026-07-03
SCHAEFFLER,1978,2018-07-05,2026-07-03
SCHNEIDER,1978,2018-07-05,2026-07-03
SENCO,736,2023-07-14,2026-07-03
STYL,186,2025-09-30,2026-07-03
SHAILY,1053,2022-04-04,2026-07-03
SHAKTIPUMP,1978,2018-07-05,2026-07-03
SHARDACROP,1978,2018-07-05,2026-07-03
SHAREINDIA,1434,2020-09-21,2026-07-03
SFL,1978,2018-07-05,2026-07-03
SHILPAMED,1978,2018-07-05,2026-07-03
SCI,1978,2018-07-05,2026-07-03
RENUKA,1978,2018-07-05,2026-07-03
SHRIPISTON,1907,2018-07-05,2026-07-03
SHYAMMETL,1246,2021-06-24,2026-07-03
SIGNATURE,685,2023-09-27,2026-07-03
SKIPPER,1978,2018-07-05,2026-07-03
SMARTWORKS,237,2025-07-17,2026-07-03
SOBHA,1978,2018-07-05,2026-07-03
SONACOMS,1246,2021-06-24,2026-07-03
SONATSOFTW,1978,2018-07-05,2026-07-03
SOUTHBANK,1978,2018-07-05,2026-07-03
LOTUSDEV,223,2025-08-06,2026-07-03
STARCEMENT,1978,2018-07-05,2026-07-03
STARHEALTH,1131,2021-12-10,2026-07-03
SAIL,1978,2018-07-05,2026-07-03
SWSOLAR,1704,2019-08-20,2026-07-03
STAR,1978,2018-07-05,2026-07-03
STYRENIX,1978,2018-07-05,2026-07-03
SUBROS,1978,2018-07-05,2026-07-03
SUDARSCHEM,1978,2018-07-05,2026-07-03
SUDEEPPHRM,146,2025-11-28,2026-07-03
SUMICHEM,1597,2020-01-27,2026-07-03
SPARC,1978,2018-07-05,2026-07-03
SUNTV,1978,2018-07-05,2026-07-03
SUNDARMFIN,1978,2018-07-05,2026-07-03
SUNTECK,1978,2018-07-05,2026-07-03
SUPREMEIND,1978,2018-07-05,2026-07-03
SPLPETRO,1020,2022-05-24,2026-07-03
SUPRIYA,1119,2021-12-28,2026-07-03
SURYAROSNI,1978,2018-07-05,2026-07-03
SUZLON,1978,2018-07-05,2026-07-03
SWANCORP,1978,2018-07-05,2026-07-03
SWIGGY,404,2024-11-13,2026-07-03
SYNGENE,1978,2018-07-05,2026-07-03
SYRMA,954,2022-08-26,2026-07-03
TARC,1375,2018-08-06,2026-07-03
TBOTEK,530,2024-05-15,2026-07-03
TDPOWERSYS,1978,2018-07-05,2026-07-03
TSFINV,1978,2018-07-05,2026-07-03
TVSSCS,709,2023-08-23,2026-07-03
TMB,941,2022-09-15,2026-07-03
TANLA,1978,2018-07-05,2026-07-03
TATACHEM,1978,2018-07-05,2026-07-03
TATACOMM,1978,2018-07-05,2026-07-03
TATAELXSI,1978,2018-07-05,2026-07-03
TATAINVEST,1978,2018-07-05,2026-07-03
TATATECH,642,2023-11-30,2026-07-03
TTML,1978,2018-07-05,2026-07-03
TECHNOE,1869,2018-12-18,2026-07-03
TEGA,1130,2021-12-13,2026-07-03
TEJASNET,1978,2018-07-05,2026-07-03
TENNIND,153,2025-11-19,2026-07-03
TEXRAIL,1978,2018-07-05,2026-07-03
THANGAMAYL,1978,2018-07-05,2026-07-03
ANUP,1817,2019-03-01,2026-07-03
NIACL,1978,2018-07-05,2026-07-03
RAMCOCEM,1978,2018-07-05,2026-07-03
THERMAX,1978,2018-07-05,2026-07-03
THOMASCOOK,1977,2018-07-05,2026-07-03
THYROCARE,1978,2018-07-05,2026-07-03
TI,1978,2018-07-05,2026-07-03
TIMETECHNO,1978,2018-07-05,2026-07-03
TIMKEN,1978,2018-07-05,2026-07-03
TIPSMUSIC,1978,2018-07-05,2026-07-03
TITAGARH,1978,2018-07-05,2026-07-03
TORNTPOWER,1978,2018-07-05,2026-07-03
TARIL,1978,2018-07-05,2026-07-03
TRANSRAILL,375,2024-12-27,2026-07-03
TRAVELFOOD,240,2025-07-14,2026-07-03
TRIDENT,1978,2018-07-05,2026-07-03
TRIVENI,1978,2018-07-05,2026-07-03
TRITURBINE,1978,2018-07-05,2026-07-03
TIINDIA,1978,2018-07-05,2026-07-03
UCOBANK,1978,2018-07-05,2026-07-03
UNOMINDA,1978,2018-07-05,2026-07-03
UPL,1978,2018-07-05,2026-07-03
UTIAMC,1420,2020-10-12,2026-07-03
UJJIVANSFB,1628,2019-12-12,2026-07-03
UBL,1978,2018-07-05,2026-07-03
URBANCO,195,2025-09-17,2026-07-03
USHAMART,1978,2018-07-05,2026-07-03
VGUARD,1978,2018-07-05,2026-07-03
VMART,1978,2018-07-05,2026-07-03
VIPIND,1978,2018-07-05,2026-07-03
V2RETAIL,1978,2018-07-05,2026-07-03
WABAG,1978,2018-07-05,2026-07-03
VAIBHAVGBL,1978,2018-07-05,2026-07-03
VTL,1978,2018-07-05,2026-07-03
VARROC,1977,2018-07-06,2026-07-03
MANYAVAR,1084,2022-02-16,2026-07-03
VIJAYA,1191,2021-09-14,2026-07-03
VIKRAMSOLR,210,2025-08-26,2026-07-03
VMM,381,2024-12-18,2026-07-03
VIYASH,1978,2018-07-05,2026-07-03
IDEA,1978,2018-07-05,2026-07-03
VOLTAMP,1978,2018-07-05,2026-07-03
VOLTAS,1978,2018-07-05,2026-07-03
WAAREEENER,416,2024-10-28,2026-07-03
WAAREERTL,304,2025-04-09,2026-07-03
WAKEFIT,135,2025-12-15,2026-07-03
WEWORK,179,2025-10-10,2026-07-03
WEBELSOLAR,1978,2018-07-05,2026-07-03
WELCORP,1978,2018-07-05,2026-07-03
WELENT,1978,2018-07-05,2026-07-03
WELSPUNLIV,1978,2018-07-05,2026-07-03
WESTLIFE,1704,2019-08-20,2026-07-03
WHIRLPOOL,1978,2018-07-05,2026-07-03
WOCKPHARMA,1978,2018-07-05,2026-07-03
YATHARTH,720,2023-08-07,2026-07-03
YESBANK,1978,2018-07-05,2026-07-03
ZFCVINDIA,1978,2018-07-05,2026-07-03
ZAGGLE,688,2023-09-22,2026-07-03
ZEEL,1978,2018-07-05,2026-07-03
ZENTEC,1978,2018-07-05,2026-07-03
ZENSARTECH,1978,2018-07-05,2026-07-03
ZYDUSWELL,1978,2018-07-05,2026-07-03
ECLERX,1978,2018-07-05,2026-07-03
